"","Reservoir","Site","DateTime","Depth_m","TP_ugL","TN_ugL","Flag_TP","Flag_TN","NH4_ugL","SRP_ugL","NO3NO2_ugL","Flag_NH4","Flag_SRP","Flag_NO3NO2","DOC_mgL","DIC_mgL","DC_mgL","DN_mgL","Flag_DOC","Flag_DIC","Flag_DC","Flag_DN"
"1","BVR","100","2019-01-21 12:00:00",0.1,15.3,80.7,"7, 3","7",4,1,4,"7, 3","7, 3","7",1.5,2.7,3,0.075,7,7,7,"7"
"2","BVR","175","2019-01-21 12:00:00",0.1,13.7,47,"7, 3","7",3,3,6,"7, 3","7","7",1.4,2.5,3.8,0.1,7,7,7,"7"
"3","BVR","200","2019-01-21 12:00:00",0.1,7.4,69.9,"7","7",3,2,14,"7, 3","7, 3","7, 3",1.4,2.3,3.8,0.1,7,7,7,"7"
"4","BVR","215","2019-01-21 12:00:00",0.1,6.8,229.7,"7","7",0,3,3,"4, 3","0","0",0.9,2.5,3.4,0.2,0,0,0,"0"
"5","BVR","50","2019-04-08 12:00:00",0.1,6.6,138,"0","3",3,4,4,"3","0","0",2.8,2.5,5.3,0.1,0,0,0,"0"
"6","BVR","50","2019-04-08 12:00:00",3,4.1,118.5,"3","3",9,8,3,"0","0","0",3.3,2.5,5.8,0.2,0,0,0,"0"
"7","BVR","50","2019-04-08 12:00:00",6,2.7,114,"3","3",9,6,4,"0","0","0",3.5,2.4,5.9,0.2,0,0,0,"0"
"8","BVR","50","2019-04-08 12:00:00",9,10.3,211.5,"3","0",35,2,6,"0","0","0",3.4,2.7,6.1,0.2,0,0,0,"0"
"9","BVR","50","2019-04-08 12:00:00",10.5,6.9,201,"0","3",67,4,8,"0","0","0",3.2,2.1,5.3,0.2,0,0,0,"0"
"10","BVR","1","2019-04-29 12:00:00",0.1,5.1,117,"0","3",4,1,3,"3","3","0",3.8,1.3,5.1,0.1,0,0,0,"0"
"11","BVR","100","2019-04-29 12:00:00",0.1,28.9,99,"3","0",19,5,3,"3","0","0",1.2,3.1,4.3,0.1,0,0,0,"0"
"12","BVR","20","2019-04-29 12:00:00",0.1,4.9,166.5,"0","3",5,1,0,"0","3","4, 3",3.3,1.7,5,0.1,0,0,0,"0"
"13","BVR","200","2019-04-29 12:00:00",0.1,8.6,99,"0","0",24,1,8,"3","3","0",0.5,4.3,4.8,0.1,0,0,0,"0"
"14","BVR","30","2019-04-29 12:00:00",0.1,6.2,186,"0","3",7,2,0,"0","3","4, 3",2.7,2.5,5.3,0.1,0,0,0,"0"
"15","BVR","45","2019-04-29 12:00:00",0.1,4.8,132,"0","3",6,0,3,"0","3","0",1.6,2.2,3.8,0.1,0,0,0,"0"
"16","BVR","50","2019-04-29 12:00:00",0.1,3.5,126,"7, 3","7, 3",7,4,3,"0","0","0",3.5,1.8,5.2,0.1,7,7,7,"7"
"17","BVR","50","2019-04-29 12:00:00",3,3.3,106.5,"3","3",6,4,3,"0","0","0",3.2,2.1,5.3,0.2,0,0,0,"0"
"18","BVR","50","2019-04-29 12:00:00",6,6.8,172.5,"0","3",6,4,3,"0","0","0",2.5,2.5,5,0.1,0,0,0,"0"
"19","BVR","50","2019-04-29 12:00:00",9,5.2,247.5,"0","0",115,1,3,"3","3","0",1.4,2.6,4.1,0.2,0,0,0,"0"
"20","BVR","50","2019-04-29 12:00:00",10.5,3.9,349.5,"3","0",175,3,3,"3","0","0",2.4,3,5.4,0.3,0,0,0,"0"
"21","BVR","50","2019-05-16 12:00:00",0.1,1.8,144,"3","3",6,1,3,"0","3","0",2.5,3,5.5,0.2,0,0,0,"0"
"22","BVR","50","2019-05-16 12:00:00",3,2,93,"3","0",5,8,5,"0","0","0",2.4,2.2,4.6,0.2,0,0,0,"0"
"23","BVR","50","2019-05-16 12:00:00",6,15,304.5,"3","0",9,6,3,"0","0","0",3,2.5,5.5,0.2,7,7,7,"7"
"24","BVR","50","2019-05-16 12:00:00",9,18.8,393,"3","0",173,4,3,"3","0","0",2.7,2.9,5.6,0.3,0,0,0,"0"
"25","BVR","50","2019-05-16 12:00:00",10,17.4,579,"3","0",390,4,5,"0","0","0",2.4,3.5,5.9,0.5,0,0,0,"0"
"26","BVR","50","2019-05-23 12:00:00",0.1,2.4,211.5,"3","0",13,2,3,"3","0","0",2.7,2.6,5.2,0.1,0,0,0,"0"
"27","BVR","50","2019-05-23 12:00:00",3,-1.5,148.5,"3","3",10,4,30,"0","0","5",3.2,2.6,5.8,0.2,0,0,0,"0"
"28","BVR","50","2019-05-23 12:00:00",6,1.6,148.5,"3","3",14,4,3,"3","0","0",3.1,2.4,5.5,0.2,0,0,0,"0"
"29","BVR","50","2019-05-23 12:00:00",9,23.1,616.5,"3","0",217,2,3,"3","3","0",2.4,3.3,5.7,0.3,0,0,0,"0"
"30","BVR","50","2019-05-23 12:00:00",11,26.1,1191,"3","3",863,9,3,"0","0","0",3.4,4.4,7.8,1.1,0,0,0,"0"
"31","BVR","1","2019-05-30 12:00:00",0.1,2.1,121.5,"3","3",5,1,3,"0","3","0",2.8,2.5,5.3,0.1,0,0,0,"0"
"32","BVR","100","2019-05-30 12:00:00",0.1,49.6,162,"0","3",22,5,3,"3","0","0",1,3.4,4.4,0.1,0,0,0,"0"
"33","BVR","20","2019-05-30 12:00:00",0.1,4.6,190.5,"0","3",7,1,0,"0","3","4, 3",3.2,2.5,5.6,0.2,0,0,0,"0"
"34","BVR","200","2019-05-30 12:00:00",0.1,11.7,151.5,"3","3",38,2,3,"0","0","0",2.4,3,5.5,0.2,7,7,7,"7"
"35","BVR","30","2019-05-30 12:00:00",0.1,5.8,213,"0","0",2,1,3,"3","3","0",2.1,2.4,4.5,0.1,0,0,0,"0"
"36","BVR","45","2019-05-30 12:00:00",0.1,4,118.5,"3","3",6,2,3,"0","3","0",1.9,2.2,4.1,0.1,0,0,0,"0"
"37","BVR","50","2019-05-30 12:00:00",0.1,3.5,176.2,"7, 3","7, 3",6,0,0,"0","3","4, 3",3.4,2.1,5.5,0.1,7,7,7,"7"
"38","BVR","50","2019-05-30 12:00:00",3,0.4,133.5,"3","3",7,0,3,"0","4, 3","0",2.9,2.7,5.6,0.2,0,0,0,"0"
"39","BVR","50","2019-05-30 12:00:00",6,3.3,118.5,"3","3",9,0,3,"0","4, 3","0",2.8,2.8,5.6,0.2,0,0,0,"0"
"40","BVR","50","2019-05-30 12:00:00",9,23.1,655.5,"3","0",185,2,3,"3","0","0",2.4,3.5,5.9,0.3,0,0,0,"0"
"41","BVR","50","2019-05-30 12:00:00",11,26.2,1086,"3","3",666,7,6,"0","0","0",2.6,4.2,6.7,0.8,0,0,0,"0"
"42","BVR","50","2019-06-06 12:00:00",0.1,3.2,90,"3","0",6,5,0,"0","0","4, 3",2,2.3,4.3,0.1,0,0,0,"0"
"43","BVR","50","2019-06-06 12:00:00",3,0.4,0,"3","4, 3",9,1,3,"0","3","0",2.5,2.6,5.2,0.1,0,0,0,"0"
"44","BVR","50","2019-06-06 12:00:00",6,5.4,141,"0","3",2,7,0,"3","0","4, 3",1.5,2.2,3.7,0.1,0,0,0,"0"
"45","BVR","50","2019-06-06 12:00:00",9,18.6,0,"3","4, 3",414,5,0,"0","0","4, 3",1.9,3.5,5.4,0.5,0,0,0,"0"
"46","BVR","50","2019-06-06 12:00:00",11,NA,2181,"3","0",883,23,0,"0","0","4, 3",2.9,3.9,6.8,1.1,0,0,0,"0"
"47","BVR","50","2019-06-13 12:00:00",0.1,3,187.5,"3","3",3,3,0,"3","0","4, 3",1.7,2.4,4.1,0.1,0,0,0,"0"
"48","BVR","50","2019-06-13 12:00:00",3,-1.6,66,"3","0",6,2,3,"0","0","0",2.7,1.8,4.5,0.1,0,0,0,"0"
"49","BVR","50","2019-06-13 12:00:00",6,4.3,211.5,"0","0",NA,NA,NA,NA,NA,NA,2.3,2.5,4.8,0.2,0,0,0,"0"
"50","BVR","50","2019-06-13 12:00:00",9,36.3,772.5,"3","0",270,3,3,"3","0","0",2,3.2,5.2,0.3,0,0,0,"0"
"51","BVR","100","2019-06-20 12:00:00",0.1,37.4,136.5,"3","3",18,3,3,"3","0","0",1.1,2.5,3.6,0.1,0,0,0,"0"
"52","BVR","200","2019-06-20 12:00:00",0.1,11.1,187.5,"3","3",44,2,28,"0","0","0",2,2.8,4.8,0.2,0,0,0,"0"
"53","BVR","50","2019-06-20 12:00:00",0.1,-0.8,108,"3","3",7,5,3,"0","0","0",3.2,2.4,5.6,0.2,0,0,0,"0"
"54","BVR","50","2019-06-20 12:00:00",3,4.8,141,"0","3",14,6,8,"3","0","0",3,2.1,5,0.2,0,0,0,"0"
"55","BVR","50","2019-06-20 12:00:00",6,7,228,"0","0",9,2,3,"0","0","0",2.7,2.8,5.5,0.1,0,0,0,"0"
"56","BVR","50","2019-06-20 12:00:00",9,25.2,945,"3","0",641,12,3,"0","3","0",2.3,4,6.2,0.8,0,0,0,"0"
"57","BVR","50","2019-06-20 12:00:00",11,41.7,1641,"0","3",1180,27,3,"3","0","0",2.2,4.2,6.4,1.2,0,0,0,"0"
"58","BVR","1","2019-06-27 12:00:00",0.1,5.2,256.5,"0","0",8,8,3,"7","7","7",2.1,2.4,4.5,0.1,7,7,7,"7"
"59","BVR","100","2019-06-27 12:00:00",0.1,62.6,198,"0","3",24,13,26,"7, 3","7, 3","7",2,3.9,6,0.15,7,7,7,"7"
"60","BVR","20","2019-06-27 12:00:00",0.1,6.8,150,"0","3",6,8,2,"7","7","7, 3",2.8,2.7,5.5,0.2,7,7,7,"7"
"61","BVR","200","2019-06-27 12:00:00",0.1,14.6,195,"3","3",47,7,39,"0","0","0",3.7,2.5,6.2,0.2,7,7,7,"7"
"62","BVR","30","2019-06-27 12:00:00",0.1,6.8,165,"0","3",8,6,3,"7","7","7, 3",3.2,2.5,5.6,0.2,7,7,7,"7"
"63","BVR","45","2019-06-27 12:00:00",0.1,3.7,196.5,"3","3",10,7,3,"0","0","0",3.4,2.6,6,0.2,0,0,0,"0"
"64","BVR","50","2019-06-27 12:00:00",0.1,6.8,153,"0","3",6,5,2,"7","7","7, 3",3.4,2.2,5.7,0.2,7,7,7,"7"
"65","BVR","50","2019-06-27 12:00:00",3,2.9,117,"3","3",4,3,7,"0","0","0",2.4,2.4,4.8,0.2,7,7,7,"7"
"66","BVR","50","2019-06-27 12:00:00",6,5.1,216,"0","0",18,7,3,"3","0","0",3,2.7,5.7,0.2,0,0,0,"0"
"67","BVR","50","2019-06-27 12:00:00",9,26.1,894,"3","0",507,8,5,"0","0","0",3.6,4.2,7.7,0.8,0,0,0,"0"
"68","BVR","50","2019-06-27 12:00:00",11,54.6,1675.5,"0","3",1390,9,3,"3","0","0",4.7,4.6,9.3,1.7,0,0,0,"0"
"69","BVR","50","2019-07-03 12:00:00",0.1,3.8,159,"3","3",NA,NA,NA,NA,NA,NA,NA,NA,NA,NA,NA,NA,NA,NA
"70","BVR","50","2019-07-03 12:00:00",3,3,153,"3","3",5,2,3,"0","3","0",2.9,2.5,5.4,0.2,0,0,0,"0"
"71","BVR","50","2019-07-03 12:00:00",6,5.2,180,"0","3",10,3,3,"0","0","0",2,2.4,4.5,0.2,0,0,0,"0"
"72","BVR","50","2019-07-03 12:00:00",9,37.2,774,"3","0",340,5,3,"0","0","0",1.8,3,4.8,0.3,7,7,7,"7"
"73","BVR","50","2019-07-03 12:00:00",11,48.5,2031,"0","3",139,2,3,"3","3","0",2.7,4.7,7.4,1.4,0,0,0,"0"
"74","BVR","50","2019-07-11 12:00:00",0.1,3.9,115.5,"3","3",8,3,3,"0","0","0",2.8,2.7,5.4,0.1,0,0,0,"0"
"75","BVR","50","2019-07-11 12:00:00",3,1.2,192,"3","3",10,1,4,"3","3","0",2.5,2.7,5.3,0.2,0,0,0,"0"
"76","BVR","50","2019-07-11 12:00:00",6,7,225,"0","0",NA,NA,NA,NA,NA,NA,NA,NA,NA,NA,NA,NA,NA,NA
"77","BVR","50","2019-07-11 12:00:00",9,24.1,985.5,"3","0",88,4,3,"0","0","0",2.2,3.9,6.1,1,0,0,0,"0"
"78","BVR","50","2019-07-11 12:00:00",11,54.1,2005.5,"0","3",186,3,3,"3","0","0",3,5.8,8.8,1.9,0,0,0,"0"
"79","BVR","1","2019-07-18 12:00:00",0.1,4.1,154.5,"3","3",10,1,3,"3","3","0",2.7,2.8,5.5,0.1,0,0,0,"0"
"80","BVR","100","2019-07-18 12:00:00",0.1,38.9,168,"3","3",33,6,24,"0","0","0",4.5,2.6,7.1,0.1,0,0,0,"0"
"81","BVR","20","2019-07-18 12:00:00",0.1,4.6,154.5,"0","3",5,2,3,"0","3","0",2.3,2.5,4.8,0.1,0,0,0,"0"
"82","BVR","200","2019-07-18 12:00:00",0.1,9.4,217.5,"0","0",57,1,39,"0","3","0",4.9,2.2,7.1,0.2,0,0,0,"0"
"83","BVR","30","2019-07-18 12:00:00",0.1,4.5,180,"0","3",7,1,3,"0","3","0",4.5,1.7,6.3,0.2,0,0,0,"0"
"84","BVR","45","2019-07-18 12:00:00",0.1,6,168,"0","3",6,1,3,"0","3","0",2.1,2.5,4.7,0.1,0,0,0,"0"
"85","BVR","50","2019-07-18 12:00:00",0.1,3,299.2,"7, 3","7",6,3,1,"7","7","7, 3",2.7,2.9,5.5,0.2,0,0,0,"0"
"86","BVR","50","2019-07-18 12:00:00",3,4.7,175.5,"0","3",2,3,0,"3","0","4, 3",2.4,2.6,5,0.2,0,0,0,"0"
"87","BVR","50","2019-07-18 12:00:00",6,7.5,235.5,"0","0",53,5,3,"0","0","0",4,2.6,3.8,0.225,7,7,7,"7"
"88","BVR","50","2019-07-18 12:00:00",9,12,1236,"3","3",NA,NA,NA,NA,NA,NA,2.1,4,6.2,1.1,0,0,0,"0"
"89","BVR","50","2019-07-18 12:00:00",11,37.5,2436,"3","0",195,3,3,"3","0","0",NA,NA,NA,NA,NA,NA,NA,NA
"90","BVR","50","2019-07-24 12:00:00",0.1,4.4,168,"0","3",1,3,3,"3","0","0",2.5,2.7,5.1,0.2,0,0,0,"0"
"91","BVR","50","2019-07-24 12:00:00",3,4.8,168,"0","3",7,2,3,"0","0","0",3.1,2.8,6,0.2,0,0,0,"0"
"92","BVR","50","2019-07-24 12:00:00",6,5.1,168,"0","3",NA,NA,NA,NA,NA,NA,2,2.3,4.3,0.2,0,0,0,"0"
"93","BVR","50","2019-07-24 12:00:00",9,12.8,1180.5,"3","3",1090,12,3,"3","3","0",1.7,4.2,5.9,1.2,0,0,0,"0"
"94","BVR","50","2019-07-24 12:00:00",11,60.6,2635.5,"0","0",NA,NA,NA,NA,NA,NA,2.6,4.5,7.1,2,0,0,0,"0"
"95","BVR","50","2019-08-01 12:00:00",0.1,4.5,229.5,"0","0",6,7,8,"0","0","0",1.6,2,3.6,0.1,0,0,0,"0"
"96","BVR","50","2019-08-01 12:00:00",3,4.7,396,"0","0",12,6,4,"3","0","0",2.2,2.3,4.5,0.2,0,0,0,"0"
"97","BVR","50","2019-08-01 12:00:00",6,23.4,466.5,"3","0",33,4,3,"0","0","0",2.6,2.9,5.5,0.2,0,0,0,"0"
"98","BVR","50","2019-08-01 12:00:00",9,18.4,789,"3","0",665,10,3,"0","0","0",2.7,4.7,7.4,0.9,0,0,0,"0"
"99","BVR","50","2019-08-01 12:00:00",11,32.4,2076,"3","3",1800,5,3,"3","0","0",2.1,5.2,7.2,2.1,0,0,0,"0"
"100","BVR","50","2019-08-08 12:00:00",0.1,4.2,234,"0","0",6,3,3,"0","0","0",2.2,2.5,4.7,0.2,0,0,0,"0"
"101","BVR","50","2019-08-08 12:00:00",3,6.2,216,"0","0",8,4,3,"0","0","0",1.9,2.5,4.3,0.1,0,0,0,"0"
"102","BVR","50","2019-08-08 12:00:00",6,16.4,295.5,"3","0",12,6,3,"3","0","0",2.2,2.8,4.9,0.2,0,0,0,"0"
"103","BVR","50","2019-08-08 12:00:00",9,44,1990.5,"0","3",161,3,3,"3","0","0",2.3,4.8,7.1,1.7,0,0,0,"0"
"104","BVR","50","2019-08-08 12:00:00",11,22.5,2185.5,"3","0",2160,12,3,"3","3","0",2.1,5.5,7.6,2.5,0,0,0,"0"
"105","BVR","50","2019-08-14 12:00:00",0.1,7.6,204,"0","3",2,6,3,"3","0","0",2.5,2.7,5.2,0.2,0,0,0,"0"
"106","BVR","50","2019-08-14 12:00:00",3,9.5,274.5,"0","0",9,7,4,"0","0","0",2.5,2.6,5.1,0.2,0,0,0,"0"
"107","BVR","50","2019-08-14 12:00:00",6,26.9,342,"3","0",7,8,9,"0","0","0",2.4,3,5.3,0.2,0,0,0,"0"
"108","BVR","50","2019-08-14 12:00:00",9,36.1,1039.5,"3","3",746,12,4,"0","3","0",2.2,4.1,6.3,0.8,0,0,0,"0"
"109","BVR","50","2019-08-14 12:00:00",11,26.5,2314.5,"3","0",2010,10,4,"3","0","0",2.1,5.4,7.5,2.3,0,0,0,"0"
"110","BVR","1","2019-08-22 12:00:00",0.1,12.7,254.5,"7, 3","7",8,8,10,"0","0","0",2.6,2.7,5.4,0.2,0,0,0,"0"
"111","BVR","100","2019-08-22 12:00:00",0.1,64.3,165.8,"7","7, 3",23,6,28,"3","0","0",1.2,4.2,5.5,0.1,0,0,0,"0"
"112","BVR","20","2019-08-22 12:00:00",0.1,10.7,287,"3","0",10,3,3,"3","0","0",2.1,3.1,5.2,0.2,0,0,0,"0"
"113","BVR","200","2019-08-22 12:00:00",0.1,19.7,278.5,"7, 3","7",49,5,56,"0","0","0",1.9,3.1,5.1,0.2,0,0,0,"0"
"114","BVR","30","2019-08-22 12:00:00",0.1,6.5,260.5,"7","7",3,5,3,"3","0","0",3.1,2.6,5.7,0.2,0,0,0,"0"
"115","BVR","45","2019-08-22 12:00:00",0.1,11.2,251.2,"7, 3","7",3,5,3,"3","0","0",2.4,2.6,5,0.1,0,0,0,"0"
"116","BVR","50","2019-08-22 12:00:00",0.1,13,150.5,"7, 3","7, 3",5,6,5,"0","0","0",2.7,2.6,5.4,0.2,0,0,0,"0"
"117","BVR","50","2019-09-04 12:00:00",0.1,12.6,188,"3","3",3,4,0,"3","0","4, 3",2.8,2.6,5.4,0.2,0,0,0,"0"
"118","BVR","50","2019-09-04 12:00:00",3,12.5,253.5,"3","0",6,2,3,"0","3","0",2.8,2.5,5.3,0.2,0,0,0,"0"
"119","BVR","50","2019-09-04 12:00:00",6,22.3,349.5,"3","0",5,3,3,"0","0","0",1.6,3.9,5.5,0.2,0,0,0,"0"
"120","BVR","50","2019-09-04 12:00:00",9,24.3,1997,"3","3",203,4,0,"3","0","4, 3",2.1,5.4,7.5,2,0,0,0,"0"
"121","BVR","50","2019-09-04 12:00:00",11,52.7,2333,"0","0",2590,14,3,"3","3","0",2.4,6.3,8.7,3.1,0,0,0,"0"
"122","BVR","1","2019-09-20 12:00:00",0.1,13.6,293.5,"7, 3","7",9,5,7,"0","0","0",3,2.8,5.8,0.3,0,0,0,"0"
"123","BVR","20","2019-09-20 12:00:00",0.1,18.4,221.5,"7, 3","7",6,4,3,"0","0","0",3.3,2.7,6,0.3,0,0,0,"0"
"124","BVR","30","2019-09-20 12:00:00",0.1,18.1,296.5,"7, 3","7",3,14,3,"3","3","0",3.3,2.6,5.9,0.2,0,0,0,"0"
"125","BVR","45","2019-09-20 12:00:00",0.1,14.2,223.5,"7, 3","7",3,6,3,"3","0","0",2.9,2.5,5.5,0.2,0,0,0,"0"
"126","BVR","50","2019-09-20 12:00:00",0.1,25.2,245.5,"7, 3","7",4,3,3,"0","0","0",2.5,2.6,5.2,0.2,0,0,0,"0"
"127","BVR","50","2019-09-20 12:00:00",3,11.2,330,"3","0",20,4,0,"3","0","4, 3",2.7,2.7,5.4,0.2,0,0,0,"0"
"128","BVR","50","2019-09-20 12:00:00",6,30.2,404,"3","0",11,6,9,"3","0","0",1.5,4,5.5,0.1,0,0,0,"0"
"129","BVR","50","2019-09-20 12:00:00",9,27.8,2162,"3","0",2280,8,3,"3","0","0",1.9,6,7.8,2.6,0,0,0,"0"
"130","BVR","50","2019-09-20 12:00:00",11,32,2777,"3","0",3140,11,3,"0","3","0",2.3,6.3,8.7,3.6,0,0,0,"0"
"131","BVR","1","2019-10-04 12:00:00",0.1,25.3,333.5,"7, 3","7",0,3,3,"4, 3","0","0",3.7,2.6,6.3,0.2,0,0,0,"0"
"132","BVR","100","2019-10-04 12:00:00",0.1,81.9,157,"7","7, 3",29,12,3,"3","3","0",1.4,4.6,6,0.1,0,0,0,"0"
"133","BVR","20","2019-10-04 12:00:00",0.1,19.3,167,"7, 3","7, 3",8,0,3,"0","4, 3","0",3.5,2.6,6.2,0.2,0,0,0,"0"
"134","BVR","200","2019-10-04 12:00:00",0.1,37.3,227.5,"7, 3","7",56,1,78,"0","3","0",1.3,4.5,5.8,0.2,7,7,7,"7"
"135","BVR","30","2019-10-04 12:00:00",0.1,18.7,425.5,"7, 3","7",8,8,4,"0","0","0",3.9,2.4,6.3,0.2,0,0,0,"0"
"136","BVR","45","2019-10-04 12:00:00",0.1,14.9,420,"3","0",4,0,3,"0","4, 3","0",3.3,2.6,5.9,0.2,0,0,0,"0"
"137","BVR","50","2019-10-04 12:00:00",0.1,17.1,252,"7, 3","7",5,9,3,"0","0","0",3.2,2.5,5.8,0.2,7,7,7,"7"
"138","BVR","50","2019-10-04 12:00:00",3,14.6,258,"3","0",5,6,0,"0","0","4, 3",3.1,3.1,6.2,0.2,0,0,0,"0"
"139","BVR","50","2019-10-04 12:00:00",6,23,310.5,"3","0",14,3,4,"3","0","0",1.9,3.9,5.7,0.1,0,0,0,"0"
"140","BVR","50","2019-10-04 12:00:00",8,NA,NA,NA,NA,NA,NA,NA,NA,NA,NA,1.4,6.1,7.5,1,0,0,0,"0"
"141","BVR","50","2019-10-04 12:00:00",9,42.1,2509.5,"0","0",1730,15,3,"3","3","0",1.6,5.5,7.2,1.7,0,0,0,"0"
"142","BVR","50","2019-10-04 12:00:00",10.5,35.2,3469.5,"3","0",2740,12,3,"3","3","0",2.5,6.4,8.9,3.3,0,0,0,"0"
"143","BVR","50","2019-10-18 12:00:00",0.1,24.6,540,"3","0",8,3,0,"0","0","4, 3",2.7,3.1,5.7,0.2,0,0,0,"0"
"144","BVR","50","2019-10-18 12:00:00",3,23.1,236,"3","0",0,6,8,"4, 3","0","0",2.4,3.1,5.5,0.2,0,0,0,"0"
"145","BVR","50","2019-10-18 12:00:00",6,35,338,"3","0",10,3,3,"0","0","0",2.5,3,5.5,0.2,0,0,0,"0"
"146","BVR","50","2019-10-18 12:00:00",9,26,2681,"3","0",2990,15,3,"3","3","0",2.3,6.6,8.9,3.6,0,0,0,"0"
"147","BVR","50","2019-10-28 12:00:00",0.1,16.2,363,"3","0",2,5,3,"3","0","0",1.9,3.5,5.3,0.2,0,0,0,"0"
"148","BVR","50","2019-10-28 12:00:00",3,21.6,252,"3","0",13,6,3,"3","0","0",3.3,2.6,5.8,0.2,0,0,0,"0"
"149","BVR","50","2019-10-28 12:00:00",6,13.7,384,"3","0",14,4,4,"3","0","0",2.3,2.9,5.2,0.2,0,0,0,"0"
"150","BVR","50","2019-10-28 12:00:00",9,18.8,1126,"3","3",1440,34,3,"3","0","0",1.7,4.6,6.3,1.4,0,0,0,"0"
"151","BVR","50","2019-10-28 12:00:00",10,29.4,1973,"3","3",2240,16,4,"3","3","0",2.4,5.9,8.3,2.7,0,0,0,"0"
"152","BVR","50","2019-11-15 12:00:00",0.1,21,243,"3","0",37,5,7,"0","0","0",2.4,3,5.4,0.2,0,0,0,"0"
"153","BVR","50","2019-11-15 12:00:00",3,43.2,498,"0","0",33,4,7,"0","0","0",1.9,3,4.9,0.2,0,0,0,"0"
"154","BVR","50","2019-11-15 12:00:00",6,15.8,351,"3","0",38,4,6,"0","0","0",2.7,2.9,5.6,0.2,0,0,0,"0"
"155","BVR","50","2019-11-15 12:00:00",9,19.7,191,"3","3",38,5,3,"0","0","0",2.7,3,5.7,0.2,0,0,0,"0"
"156","BVR","50","2019-11-15 12:00:00",11,17.3,407,"3","0",48,5,7,"0","0","0",2.4,3,5.4,0.2,0,0,0,"0"
"157","FCR","50","2019-01-17 12:00:00",6.2,NA,NA,NA,NA,18,2,0,"3","0","4, 3",NA,NA,NA,NA,NA,NA,NA,NA
"158","FCR","100","2019-01-21 12:00:00",0.1,4.8,390,"0","0",6,3,56,"0","0","0",2.4,2.2,4.6,0.2,0,0,0,"0"
"159","FCR","50","2019-01-21 12:00:00",0.1,2.9,358,"3","0",6,2,3,"0","3","0",2.4,2.5,4.9,0.1,0,0,0,"0"
"160","FCR","50","2019-01-21 12:00:00",1.6,NA,NA,NA,NA,5,8,3,"0","0","0",1.6,4.9,6.5,0.114,0,0,0,"0"
"161","FCR","50","2019-01-21 12:00:00",3.8,13.8,438,"3","0",2,0,3,"3","4, 3","0",2,3.1,5.2,0.1,0,0,0,"0"
"162","FCR","50","2019-01-21 12:00:00",5,1.5,156,"3","3",26,3,3,"3","0","0",2.3,3.1,5.5,0.2,0,0,0,"0"
"163","FCR","50","2019-01-21 12:00:00",6.2,1.4,133.5,"3","3",13,3,3,"3","0","0",2.3,3,5.2,0.1,0,0,0,"0"
"164","FCR","50","2019-01-21 12:00:00",8,6.5,193.5,"0","3",3,2,3,"3","3","0",2.5,3,5.4,0.1,0,0,0,"0"
"165","FCR","50","2019-01-21 12:00:00",9,8.1,142.5,"0","3",1,1,3,"3","3","0",2.1,3,5.1,0.1,0,0,0,"0"
"166","FCR","50","2019-01-21 12:00:00",9.5,4,121.5,"3","3",2,1,3,"3","3","0",2.2,3.1,5.4,0.1,0,0,0,"0"
"167","FCR","100","2019-02-08 12:00:00",0.1,2.9,370,"3","0",9,5,45,"0","0","0",2.1,2.8,4.9,0.2,0,0,0,"0"
"168","FCR","200","2019-02-08 12:00:00",0.1,13.5,363,"3","0",5,2,43,"0","0","0",1.8,3.8,5.6,0.1,0,0,0,"0"
"169","FCR","50","2019-02-08 12:00:00",0.1,4.5,329,"0","0",7,3,3,"0","0","0",1.5,2.7,4.1,0.1,0,0,0,"0"
"170","FCR","50","2019-02-08 12:00:00",1.6,NA,NA,NA,NA,2,9,4,"3","0","0",1.5,4.8,6.2,0.138,0,0,0,"0"
"171","FCR","50","2019-02-08 12:00:00",3.8,2.6,372,"3","0",24,2,0,"3","3","4, 3",1.9,3.1,5,0.1,0,0,0,"0"
"172","FCR","50","2019-02-08 12:00:00",5,2.5,129,"3","3",9,3,3,"0","0","0",2.5,3.1,5.6,0.2,0,0,0,"0"
"173","FCR","50","2019-02-08 12:00:00",6.2,9,223.5,"0","0",15,2,3,"3","3","0",2.4,2.7,5.1,0.1,0,0,0,"0"
"174","FCR","50","2019-02-08 12:00:00",9,2.1,330,"3","0",10,1,0,"0","3","4, 3",2,3.1,5.1,0.1,0,0,0,"0"
"175","FCR","100","2019-03-18 12:00:00",0.1,119.5,789,"3","0",9,10,20,"0","0","0",2.9,2.3,5.2,0.2,0,0,0,"0"
"176","FCR","200","2019-03-18 12:00:00",0.1,16.2,189,"3","3",10,5,74,"3","0","0",1.6,3.4,5,0.1,0,0,0,"0"
"177","FCR","50","2019-03-18 12:00:00",0.1,8.4,388,"0","0",10,1,3,"0","3","0",1.7,2.6,4.3,0.1,0,0,0,"0"
"178","FCR","50","2019-03-18 12:00:00",1.6,NA,NA,NA,NA,5,9,3,"0","0","0",1.6,4.4,5.9,0.132,0,0,0,"0"
"179","FCR","50","2019-03-18 12:00:00",3.8,8.3,386,"0","0",6,2,3,"0","0","0",1.7,2.5,4.3,0.1,0,0,0,"0"
"180","FCR","50","2019-03-18 12:00:00",5,2.7,374,"3","0",10,7,29,"0","0","0",2.4,3.1,5.5,0.2,0,0,0,"0"
"181","FCR","50","2019-03-18 12:00:00",6.2,9.6,467,"0","0",19,8,23,"3","0","0",2.2,2.8,5,0.2,0,0,0,"0"
"182","FCR","50","2019-03-18 12:00:00",8,NA,NA,NA,NA,17,7,44,"3","0","0",2,2.8,4.8,0.2,0,0,0,"0"
"183","FCR","50","2019-03-18 12:00:00",9,6.8,350,"0","0",12,10,38,"3","3","0",1.9,3,4.9,0.2,0,0,0,"0"
"184","FCR","100","2019-04-01 12:00:00",0.1,6.5,373,"0","0",5,3,3,"0","0","0",2.5,1.9,4.3,0.15,7,7,7,"7"
"185","FCR","200","2019-04-01 12:00:00",0.1,12.6,367,"3","0",19,9,67,"3","0","0",3.1,2.7,5.8,0.2,0,0,0,"0"
"186","FCR","50","2019-04-01 12:00:00",0.1,-0.4,126,"3","3",9,1,4,"0","3","0",1.9,2.8,4.7,0.1,0,0,0,"0"
"187","FCR","50","2019-04-01 12:00:00",1.6,NA,NA,NA,NA,7,11,3,"0","3","0",2,4.9,7,0.148,0,0,0,"0"
"188","FCR","50","2019-04-01 12:00:00",3.8,-0.3,163.5,"3","3",4,3,3,"3","0","0",2.3,3.1,5.4,0.1,0,0,0,"0"
"189","FCR","50","2019-04-01 12:00:00",5,6.9,360,"0","0",NA,NA,NA,NA,NA,NA,NA,NA,NA,NA,NA,NA,NA,NA
"190","FCR","50","2019-04-01 12:00:00",6.2,6.3,423,"0","0",7,3,6,"0","0","0",3.5,3.3,3,0.1,7,7,7,"7"
"191","FCR","50","2019-04-01 12:00:00",8,5.3,367,"0","0",27,4,31,"3","0","0",2.4,2.4,4.8,0.2,7,7,7,"7"
"192","FCR","50","2019-04-01 12:00:00",9,5.4,180,"0","3",44,7,37,"0","0","0",1.9,3.4,5.3,0.2,0,0,0,"0"
"193","FCR","100","2019-04-15 12:00:00",0.1,14.6,421,"3","0",6,5,26,"0","0","0",2.3,2.3,4.6,0.1,0,0,0,"0"
"194","FCR","200","2019-04-15 12:00:00",0.1,83.4,486,"0","0",13,14,3,"3","3","0",3.4,2.8,6.2,0.3,0,0,0,"0"
"195","FCR","50","2019-04-15 12:00:00",0.1,12.3,199.5,"3","3",9,3,9,"0","0","0",4.9,2.8,7.7,0.3,0,0,0,"0"
"196","FCR","50","2019-04-15 12:00:00",1.6,NA,NA,NA,NA,8,18,3,"0","3","0",3.2,4.6,7.8,0.236,0,0,0,"0"
"197","FCR","50","2019-04-15 12:00:00",3.8,7.2,367,"0","0",10,6,4,"0","0","0",2.8,3.2,6,0.2,0,0,0,"0"
"198","FCR","50","2019-04-15 12:00:00",5,8.9,367,"0","0",23,11,40,"3","3","0",2.6,2.9,5.5,0.2,0,0,0,"0"
"199","FCR","50","2019-04-15 12:00:00",6.2,15.2,306,"3","0",29,8,25,"3","0","0",2.1,3,5.1,0.2,0,0,0,"0"
"200","FCR","50","2019-04-15 12:00:00",8,6.5,382,"0","0",41,6,32,"0","0","0",2.5,3.1,5.6,0.2,0,0,0,"0"
"201","FCR","50","2019-04-15 12:00:00",9,7.7,180,"0","3",35,7,22,"0","0","0",2.7,2.4,5.1,0.2,0,0,0,"0"
"202","FCR","100","2019-04-22 12:00:00",0.1,8.1,371,"0","0",7,9,33,"0","0","0",2.3,2.3,4.5,0.1,0,0,0,"0"
"203","FCR","200","2019-04-22 12:00:00",0.1,110.1,549,"3","0",16,4,93,"3","0","0",2.2,3.6,5.7,0.2,0,0,0,"0"
"204","FCR","50","2019-04-22 12:00:00",0.1,6.9,165,"0","3",14,4,6,"3","0","0",5.8,1.5,7.2,0.3,0,0,0,"0"
"205","FCR","50","2019-04-22 12:00:00",1.6,NA,NA,NA,NA,3,17,3,"3","3","0",2.1,4.4,6.5,0.126,0,0,0,"0"
"206","FCR","50","2019-04-22 12:00:00",3.8,5,367,"0","0",9,2,3,"0","3","0",2.3,2.8,5.1,0.1,0,0,0,"0"
"207","FCR","50","2019-04-22 12:00:00",5,10.3,198,"3","3",9,4,3,"0","0","0",3.1,2,5.2,0.15,7,7,7,"7"
"208","FCR","50","2019-04-22 12:00:00",6.2,9.5,393,"0","0",28,3,3,"3","0","0",2.3,3.2,5.5,0.2,0,0,0,"0"
"209","FCR","50","2019-04-22 12:00:00",8,10.5,207,"3","3",56,4,27,"7","7","7",2.7,2.8,5.5,0.2,0,0,0,"0"
"210","FCR","50","2019-04-22 12:00:00",9,14.8,355.5,"3","0",65,6,27,"0","0","0",2.2,3.2,5.3,0.2,0,0,0,"0"
"211","FCR","1","2019-04-29 12:00:00",0.1,12.5,145.5,"3","3",10,3,3,"3","0","0",3.4,2,5.4,0.1,0,0,0,"0"
"212","FCR","100","2019-04-29 12:00:00",0.1,22,213,"3","0",7,1,3,"0","3","0",3,1.8,4.8,0.1,0,0,0,"0"
"213","FCR","101","2019-04-29 12:00:00",0.1,5.8,111,"0","3",6,2,3,"0","3","0",1.9,2.6,4.5,0.1,0,0,0,"0"
"214","FCR","102","2019-04-29 12:00:00",0.1,4.2,114,"0","3",2,1,3,"3","3","0",2.1,2.5,4.6,0.1,0,0,0,"0"
"215","FCR","20","2019-04-29 12:00:00",0.1,6.9,175.5,"0","3",3,1,0,"3","3","4, 3",2.1,3.1,5.2,0.1,0,0,0,"0"
"216","FCR","200","2019-04-29 12:00:00",0.1,64.7,318,"0","0",22,3,58,"3","0","0",1.4,3.4,4.7,0.1,0,0,0,"0"
"217","FCR","30","2019-04-29 12:00:00",0.1,6.2,121.5,"0","3",3,1,0,"3","3","4, 3",2.2,3.2,5.4,0.1,0,0,0,"0"
"218","FCR","45","2019-04-29 12:00:00",0.1,13.1,160.5,"3","3",3,1,0,"3","3","4, 3",4.1,1.8,5.9,0.1,0,0,0,"0"
"219","FCR","50","2019-04-29 12:00:00",0.1,12.8,265.8,"7, 3","7",12,3,3,"3","0","0",3.1,2.4,5.5,0.15,7,7,7,"7"
"220","FCR","50","2019-04-29 12:00:00",1.6,NA,NA,NA,NA,5,12,3,"0","3","0",1.6,4.5,6.2,0.096,0,0,0,"0"
"221","FCR","50","2019-04-29 12:00:00",3.8,25.4,450,"3","0",5,2,0,"0","3","4, 3",1.9,2.9,4.8,0.1,0,0,0,"0"
"222","FCR","50","2019-04-29 12:00:00",5,11.1,423,"3","0",8,2,6,"0","3","0",2,3,5,0.1,0,0,0,"0"
"223","FCR","50","2019-04-29 12:00:00",6.2,11.7,273,"3","0",11,0,9,"3","3","0",1.8,3.1,4.9,0.1,0,0,0,"0"
"224","FCR","50","2019-04-29 12:00:00",8,6,382,"0","0",56,4,26,"0","0","0",2,2.9,4.9,0.2,0,0,0,"0"
"225","FCR","50","2019-04-29 12:00:00",9,10.7,388,"3","0",33,6,9,"0","0","0",2.8,2.3,5,0.15,7,7,7,"7"
"226","FCR","99","2019-04-29 12:00:00",0.1,9.6,130.5,"0","3",6,6,20,"7","7","7, 3",2.4,2.4,4.8,0.15,7,7,7,"7"
"227","FCR","100","2019-05-06 12:00:00",0.1,15.9,184.5,"3","3",11,8,45,"3","0","0",2.7,1.6,4.2,0.15,7,7,7,"7"
"228","FCR","200","2019-05-06 12:00:00",0.1,38,420,"3","0",20,10,82,"3","3","0",5.6,1.9,7.5,0.2,0,0,0,"0"
"229","FCR","50","2019-05-06 12:00:00",0.1,9.5,395,"0","0",32,6,5,"0","0","0",2.4,2.7,5.1,0.1,0,0,0,"0"
"230","FCR","50","2019-05-06 12:00:00",1.6,NA,NA,NA,NA,1,10,3,"3","3","0",1.7,4.6,6.3,0.094,0,0,0,"0"
"231","FCR","50","2019-05-06 12:00:00",3.8,5.7,181.5,"0","3",16,3,0,"3","0","4, 3",4.1,1.4,5.6,0.1,0,0,0,"0"
"232","FCR","50","2019-05-06 12:00:00",5,2.6,355,"3","0",4,3,3,"0","0","0",1.7,3,4.7,0.1,0,0,0,"0"
"233","FCR","50","2019-05-06 12:00:00",6.2,2,160.5,"3","3",25,3,23,"3","0","0",0.8,3.4,4.2,0.1,0,0,0,"0"
"234","FCR","50","2019-05-06 12:00:00",8,8.8,298.5,"0","0",60,3,25,"0","0","0",2.2,3.2,5.5,0.2,0,0,0,"0"
"235","FCR","50","2019-05-06 12:00:00",9,10.5,501,"3","0",159,2,32,"3","0","0",2.2,3.6,5.8,0.3,0,0,0,"0"
"236","FCR","100","2019-05-13 12:00:00",0.1,12.8,402,"3","0",8,10,28,"0","0","0",3.3,1.7,5,0.1,0,0,0,"0"
"237","FCR","200","2019-05-13 12:00:00",0.1,57.5,286.5,"0","0",31,3,38,"0","0","0",2.1,4.6,6.7,0.1,0,0,0,"0"
"238","FCR","50","2019-05-13 12:00:00",0.1,7.2,168,"0","3",6,4,3,"0","0","0",1.9,3.3,5.1,0.1,0,0,0,"0"
"239","FCR","50","2019-05-13 12:00:00",1.6,NA,NA,NA,NA,7,10,3,"0","3","0",1.8,4.9,6.8,0.101,0,0,0,"0"
"240","FCR","50","2019-05-13 12:00:00",3.8,6.2,360,"0","0",20,5,0,"3","0","4, 3",0.8,3.5,4.3,0.1,0,0,0,"0"
"241","FCR","50","2019-05-13 12:00:00",5,5.1,370,"0","0",8,3,3,"0","0","0",2.1,3.2,5.4,0.1,0,0,0,"0"
"242","FCR","50","2019-05-13 12:00:00",6.2,5.7,368,"0","0",16,1,7,"3","3","0",0.5,3.6,4.1,0.1,0,0,0,"0"
"243","FCR","50","2019-05-13 12:00:00",8,13.7,387,"3","0",215,4,27,"3","0","0",3,2,5,0.25,7,7,7,"7"
"244","FCR","50","2019-05-13 12:00:00",9,29.1,744,"3","0",308,1,3,"0","3","0",2.4,4.3,6.8,0.4,0,0,0,"0"
"245","FCR","50","2019-05-16 12:00:00",0.1,8.4,225,"0","0",NA,NA,NA,NA,NA,NA,NA,NA,NA,NA,NA,NA,NA,NA
"246","FCR","50","2019-05-16 12:00:00",1.6,5,338,"0","0",8,12,3,"0","3","0",1.7,4.9,6.6,0.106,0,0,0,"0"
"247","FCR","50","2019-05-16 12:00:00",5,9.2,177,"0","3",NA,NA,NA,NA,NA,NA,NA,NA,NA,NA,NA,NA,NA,NA
"248","FCR","50","2019-05-16 12:00:00",8,3.3,378,"3","0",NA,NA,NA,NA,NA,NA,NA,NA,NA,NA,NA,NA,NA,NA
"249","FCR","50","2019-05-16 12:00:00",9,38.6,654,"3","0",NA,NA,NA,NA,NA,NA,NA,NA,NA,NA,NA,NA,NA,NA
"250","FCR","100","2019-05-20 12:00:00",0.1,21.9,330,"3","0",8,7,68,"0","0","0",1.8,2.5,4.2,0.15,7,7,7,"7"
"251","FCR","200","2019-05-20 12:00:00",0.1,80,351,"0","0",32,5,42,"0","0","0",2.3,4.8,7,0.2,0,0,0,"0"
"252","FCR","50","2019-05-20 12:00:00",0.1,4.8,118.5,"0","3",11,0,3,"3","4, 3","0",2.6,3.1,5.7,0.1,0,0,0,"0"
"253","FCR","50","2019-05-20 12:00:00",1.6,NA,NA,NA,NA,4,12,3,"0","3","0",3.4,4.9,8.3,0.116,0,0,0,"0"
"254","FCR","50","2019-05-20 12:00:00",3.8,12.9,412,"3","0",26,4,3,"3","0","0",2.2,2.8,5,0.1,0,0,0,"0"
"255","FCR","50","2019-05-20 12:00:00",5,3.8,379,"3","0",11,2,3,"3","0","0",2.2,3.2,5.4,0.1,0,0,0,"0"
"256","FCR","50","2019-05-20 12:00:00",6.2,8.9,411,"0","0",16,4,3,"3","0","0",1.4,2.2,3.6,0.1,0,0,0,"0"
"257","FCR","50","2019-05-20 12:00:00",8,11.1,256.5,"3","0",53,2,3,"0","3","0",4.4,1.9,6.3,0.2,0,0,0,"0"
"258","FCR","50","2019-05-20 12:00:00",9,54,501,"0","0",61,3,3,"0","0","0",1.7,3.4,5.1,0.2,0,0,0,"0"
"259","FCR","50","2019-05-23 12:00:00",0.1,5.9,357,"0","0",NA,NA,NA,NA,NA,NA,NA,NA,NA,NA,NA,NA,NA,NA
"260","FCR","50","2019-05-23 12:00:00",1.6,NA,NA,NA,NA,10,11,3,"0","3","0",1.9,4.8,6.7,0.128,0,0,0,"0"
"261","FCR","50","2019-05-23 12:00:00",5,9.4,223.5,"0","0",NA,NA,NA,NA,NA,NA,NA,NA,NA,NA,NA,NA,NA,NA
"262","FCR","50","2019-05-23 12:00:00",9,3.6,380,"3","0",NA,NA,NA,NA,NA,NA,NA,NA,NA,NA,NA,NA,NA,NA
"263","FCR","100","2019-05-27 12:00:00",0.1,33.8,433.5,"3","0",13,9,44,"3","0","0",2.9,2,4.9,0.1,0,0,0,"0"
"264","FCR","200","2019-05-27 12:00:00",0.1,150.6,553.5,"3","0",32,4,3,"0","0","0",2.6,4.7,7.4,0.2,0,0,0,"0"
"265","FCR","50","2019-05-27 12:00:00",0.1,6,139.5,"0","3",7,2,3,"0","0","0",2.6,3.4,6.1,0.1,0,0,0,"0"
"266","FCR","50","2019-05-27 12:00:00",1.6,3.5,323,"3","0",6,8,4,"0","0","0",2.1,5.1,7.1,0.14,0,0,0,"0"
"267","FCR","50","2019-05-27 12:00:00",3.8,13.7,289.5,"3","0",5,5,0,"0","0","4, 3",1.1,3.8,4.9,0.1,0,0,0,"0"
"268","FCR","50","2019-05-27 12:00:00",5,6.3,186,"0","3",9,4,0,"0","0","4, 3",1.4,2.8,4.2,0.1,0,0,0,"0"
"269","FCR","50","2019-05-27 12:00:00",6.2,7.7,198,"0","3",4,1,3,"0","3","0",2,3.2,5.2,0.1,0,0,0,"0"
"270","FCR","50","2019-05-27 12:00:00",8,8.4,413,"0","0",5,3,3,"0","0","0",1.9,3.4,5.4,0.1,0,0,0,"0"
"271","FCR","50","2019-05-27 12:00:00",9,9.8,213,"0","0",23,2,3,"3","3","0",2,3.5,5.5,0.1,0,0,0,"0"
"272","FCR","1","2019-05-30 12:00:00",0.1,9.7,132.8,"7","7, 3",9,5,57,"0","0","0",1.2,5.3,6.5,0.1,0,0,0,"0"
"273","FCR","100","2019-05-30 12:00:00",0.1,13.3,148.5,"3","3",3,7,64,"3","0","0",3.7,1.4,5.1,0.1,0,0,0,"0"
"274","FCR","101","2019-05-30 12:00:00",0.1,8,148.5,"0","3",6,5,58,"0","0","0",1.8,3,4.8,0.1,0,0,0,"0"
"275","FCR","102","2019-05-30 12:00:00",0.1,3.9,100.5,"3","3",5,2,3,"0","0","0",2.6,2.2,4.8,0.1,7,7,7,"7"
"276","FCR","20","2019-05-30 12:00:00",0.1,7.2,117,"0","3",4,3,3,"0","0","0",2.2,3.1,5.3,0.1,0,0,0,"0"
"277","FCR","200","2019-05-30 12:00:00",0.1,42.1,235.5,"0","0",27,6,25,"3","0","0",1.6,4,5.6,0.2,0,0,0,"0"
"278","FCR","30","2019-05-30 12:00:00",0.1,8.1,144,"0","3",3,1,0,"3","3","4, 3",NA,NA,NA,NA,NA,NA,NA,NA
"279","FCR","45","2019-05-30 12:00:00",0.1,7.2,117,"0","3",11,2,0,"3","0","4, 3",2.7,3,5.7,0.1,0,0,0,"0"
"280","FCR","50","2019-05-30 12:00:00",0.1,6.9,242.8,"7","7",14,2,3,"3","0","0",4,2.3,6.2,0.15,7,7,7,"7"
"281","FCR","50","2019-05-30 12:00:00",1.6,NA,NA,NA,NA,NA,NA,NA,NA,NA,NA,1.8,5.2,6.9,0.112,0,0,0,"0"
"282","FCR","50","2019-05-30 12:00:00",5,1.8,387,"3","0",NA,NA,NA,NA,NA,NA,NA,NA,NA,NA,NA,NA,NA,NA
"283","FCR","50","2019-05-30 12:00:00",9,22.9,385.5,"3","0",NA,NA,NA,NA,NA,NA,NA,NA,NA,NA,NA,NA,NA,NA
"284","FCR","99","2019-05-30 12:00:00",0.1,14.4,84,"3","0",7,6,64,"0","0","0",4.1,1.5,5.6,0.2,0,0,0,"0"
"285","FCR","100","2019-06-03 12:00:00",0.1,52.6,535.5,"0","0",5,10,72,"0","0","0",1.1,2.9,4.1,0.2,0,0,0,"0"
"286","FCR","200","2019-06-03 12:00:00",0.1,57.3,354,"0","0",28,7,42,"7, 3","7","7",NA,NA,NA,NA,NA,NA,NA,NA
"287","FCR","50","2019-06-03 12:00:00",0.1,13.7,321,"3","0",0,6,0,"3","0","4, 3",3,3.2,6.2,0.15,7,7,7,"7"
"288","FCR","50","2019-06-03 12:00:00",1.6,NA,NA,NA,NA,6,10,3,"0","3","0",2,5.3,7.3,0.116,0,0,0,"0"
"289","FCR","50","2019-06-03 12:00:00",3.8,6.2,199.5,"0","3",6,2,3,"0","3","0",2.3,3.3,5.6,0.1,0,0,0,"0"
"290","FCR","50","2019-06-03 12:00:00",5,3.9,166.5,"3","3",10,4,8,"0","0","0",3.8,1.9,5.6,0.1,0,0,0,"0"
"291","FCR","50","2019-06-03 12:00:00",6.2,4.5,163.5,"0","3",4,3,0,"0","0","4, 3",1.4,2.9,4.4,0.2,0,0,0,"0"
"292","FCR","50","2019-06-03 12:00:00",8,13.8,285,"3","0",14,3,0,"3","0","4, 3",4.4,1.7,6.1,0.1,0,0,0,"0"
"293","FCR","50","2019-06-03 12:00:00",9,17.4,360,"3","0",24,3,3,"3","0","0",2.5,2.8,5.4,0.1,7,7,7,"7"
"294","FCR","50","2019-06-06 12:00:00",0.1,9.9,213,"0","0",NA,NA,NA,NA,NA,NA,NA,NA,NA,NA,NA,NA,NA,NA
"295","FCR","50","2019-06-06 12:00:00",1.6,NA,NA,NA,NA,8,13,3,"0","3","0",2.9,5.3,8.2,0.256,0,0,0,"0"
"296","FCR","50","2019-06-06 12:00:00",5,6.2,376,"0","0",NA,NA,NA,NA,NA,NA,NA,NA,NA,NA,NA,NA,NA,NA
"297","FCR","50","2019-06-06 12:00:00",9,2.5,147,"3","3",NA,NA,NA,NA,NA,NA,NA,NA,NA,NA,NA,NA,NA,NA
"298","FCR","100","2019-06-10 12:00:00",0.1,16.5,427,"3","0",10,6,35,"0","0","0",3.9,1.5,5.4,0.1,0,0,0,"0"
"299","FCR","200","2019-06-10 12:00:00",0.1,53.7,419,"0","0",32,9,44,"0","0","0",1.9,4.2,6.1,0.2,0,0,0,"0"
"300","FCR","50","2019-06-10 12:00:00",0.1,5.2,232.5,"0","0",13,6,3,"3","0","0",5,2.3,7.3,0.2,7,7,7,"7"
"301","FCR","50","2019-06-10 12:00:00",1.6,6.5,414,"0","0",9,11,3,"0","3","0",2.5,5.4,7.9,0.182,0,0,0,"0"
"302","FCR","50","2019-06-10 12:00:00",3.8,11.7,288,"3","0",NA,NA,NA,NA,NA,NA,NA,NA,NA,NA,NA,NA,NA,NA
"303","FCR","50","2019-06-10 12:00:00",5,7.2,211.5,"0","0",25,4,4,"3","0","0",2,2.9,4.9,0.2,0,0,0,"0"
"304","FCR","50","2019-06-10 12:00:00",6.2,5,151.5,"0","3",39,5,24,"0","0","0",2.1,3.1,5.2,0.2,0,0,0,"0"
"305","FCR","50","2019-06-10 12:00:00",8,13.5,279,"3","0",31,1,3,"0","3","0",1.6,3.2,4.7,0.1,0,0,0,"0"
"306","FCR","50","2019-06-10 12:00:00",9,9.4,276,"0","0",NA,NA,NA,NA,NA,NA,1.7,3,4.7,0.1,0,0,0,"0"
"307","FCR","50","2019-06-13 12:00:00",0.1,9.9,300,"0","0",NA,NA,NA,NA,NA,NA,NA,NA,NA,NA,NA,NA,NA,NA
"308","FCR","50","2019-06-13 12:00:00",1.6,NA,NA,NA,NA,5,11,3,"0","3","0",2.4,5.1,7.5,0.15,0,0,0,"0"
"309","FCR","50","2019-06-13 12:00:00",5,9.9,282,"0","0",NA,NA,NA,NA,NA,NA,NA,NA,NA,NA,NA,NA,NA,NA
"310","FCR","50","2019-06-13 12:00:00",9,8.7,385,"0","0",NA,NA,NA,NA,NA,NA,NA,NA,NA,NA,NA,NA,NA,NA
"311","FCR","100","2019-06-17 12:00:00",0.1,14.3,412,"3","0",10,7,65,"3","0","0",0.1,3.7,3.8,0.1,3,0,0,"0"
"312","FCR","200","2019-06-17 12:00:00",0.1,48.5,412,"0","0",31,8,52,"0","0","0",2.4,4,6.5,0.15,7,7,7,"7"
"313","FCR","50","2019-06-17 12:00:00",0.1,9,250.5,"0","0",4,3,3,"3","0","0",2.8,2.9,5.7,0.15,7,7,7,"7"
"314","FCR","50","2019-06-17 12:00:00",1.6,NA,NA,NA,NA,6,12,3,"0","3","0",2.2,5.1,7.4,0.143,0,0,0,"0"
"315","FCR","50","2019-06-17 12:00:00",3.8,7.2,388,"0","0",10,4,0,"0","0","4, 3",1.5,3,4.6,0.1,0,0,0,"0"
"316","FCR","50","2019-06-17 12:00:00",5,6.9,421,"0","0",18,6,3,"3","0","0",1.2,3.2,4.4,0.1,0,0,0,"0"
"317","FCR","50","2019-06-17 12:00:00",6.2,4.5,172.5,"0","3",16,0,3,"3","4, 3","0",2,3.9,5.8,0.1,0,0,0,"0"
"318","FCR","50","2019-06-17 12:00:00",8,13.2,285,"3","0",22,3,3,"3","0","0",1,3.3,4.3,0.1,0,0,0,"0"
"319","FCR","50","2019-06-17 12:00:00",9,6,180,"0","3",27,1,3,"3","3","0",1.7,3.7,5.4,0.1,0,0,0,"0"
"320","FCR","50","2019-06-20 12:00:00",0.1,5.9,424,"0","0",16,5,7,"3","0","0",NA,NA,NA,NA,NA,NA,NA,NA
"321","FCR","50","2019-06-20 12:00:00",1.6,5.7,443,"0","0",11,13,3,"3","3","0",3.2,5.5,8.7,0.312,0,0,0,"0"
"322","FCR","50","2019-06-20 12:00:00",5,4.7,346,"0","0",NA,NA,NA,NA,NA,NA,NA,NA,NA,NA,NA,NA,NA,NA
"323","FCR","50","2019-06-20 12:00:00",9,9.6,286.5,"0","0",NA,NA,NA,NA,NA,NA,NA,NA,NA,NA,NA,NA,NA,NA
"324","FCR","100","2019-06-24 12:00:00",0.1,21.4,364.5,"3","0",NA,NA,NA,NA,NA,NA,NA,NA,NA,NA,NA,NA,NA,NA
"325","FCR","200","2019-06-24 12:00:00",0.1,76,471,"0","0",28,8,52,"3","0","0",1.8,4.2,6,0.2,0,0,0,"0"
"326","FCR","50","2019-06-24 12:00:00",0.1,5.1,298.5,"0","0",5,8,0,"0","0","4, 3",2.2,3.1,5.4,0.2,0,0,0,"0"
"327","FCR","50","2019-06-24 12:00:00",1.6,NA,NA,NA,NA,10,12,4,"3","3","0",3,5.4,8.4,0.212,0,0,0,"0"
"328","FCR","50","2019-06-24 12:00:00",3.8,14.6,364.5,"3","0",NA,NA,NA,NA,NA,NA,1.2,3.6,4.6,0.2,0,0,0,"0"
"329","FCR","50","2019-06-24 12:00:00",5,9.6,261,"0","0",NA,NA,NA,NA,NA,NA,NA,NA,NA,NA,NA,NA,NA,NA
"330","FCR","50","2019-06-24 12:00:00",6.2,NA,NA,NA,NA,60,3,4,"0","0","0",1.5,3.4,4.9,0.2,0,0,0,"0"
"331","FCR","50","2019-06-24 12:00:00",8,7.7,195,"0","3",66,3,3,"0","0","0",0.3,4.4,4.6,0.1,0,0,0,"0"
"332","FCR","50","2019-06-24 12:00:00",9,6.9,370.5,"0","0",209,2,6,"3","0","0",1.6,3.9,5.5,0.3,0,0,0,"0"
"333","FCR","1","2019-06-27 12:00:00",0.1,10.1,265.5,"3","0",12,13,137,"7, 3","7, 3","7, 3",2.1,6.1,8.2,0.2,7,7,7,"7"
"334","FCR","100","2019-06-27 12:00:00",0.1,16.2,217.5,"3","0",10,9,100,"3","0","0",2.9,2.9,5.8,0.3,0,0,0,"0"
"335","FCR","101","2019-06-27 12:00:00",0.1,12.6,190.5,"3","3",7,9,89,"0","0","0",4.1,1.6,5.6,0.2,0,0,0,"0"
"336","FCR","102","2019-06-27 12:00:00",0.1,8,189,"0","3",12,3,26,"3","0","0",4.4,1.5,5.9,0.2,0,0,0,"0"
"337","FCR","20","2019-06-27 12:00:00",0.1,6.8,285,"0","0",10,12,3,"0","3","0",3.6,2.7,6.3,0.2,0,0,0,"0"
"338","FCR","200","2019-06-27 12:00:00",0.1,34,181.5,"3","3",27,6,48,"3","0","0",1.9,4.2,6.2,0.2,0,0,0,"0"
"339","FCR","30","2019-06-27 12:00:00",0.1,17.2,327,"3","0",8,8,1,"7","7","7, 3",5,2,7,0.25,7,7,7,"7"
"340","FCR","45","2019-06-27 12:00:00",0.1,9.3,304.5,"0","0",20,11,0,"7, 3","7, 3","7, 3",3.5,3.8,7.2,0.2,7,7,7,"7"
"341","FCR","50","2019-06-27 12:00:00",0.1,8.2,387,"7","7",24,10,3,"3","3","0",3.5,5.2,8.7,0.25,7,7,7,"7"
"342","FCR","50","2019-06-27 12:00:00",1.6,NA,NA,NA,NA,7,15,3,"0","3","0",3.7,5.3,9,0.214,0,0,0,"0"
"343","FCR","50","2019-06-27 12:00:00",5,4.7,255,"0","0",13,9,6,"3","0","0",3.5,3.7,7.2,0.2,0,0,0,"0"
"344","FCR","50","2019-06-27 12:00:00",8,NA,NA,NA,NA,NA,NA,NA,NA,NA,NA,1.5,4.3,5.8,0.4,0,0,0,"0"
"345","FCR","50","2019-06-27 12:00:00",9,-7,0,"3","4, 3",129,2,5,"3","3","0",1.8,4.3,6.1,0.2,0,0,0,"0"
"346","FCR","99","2019-06-27 12:00:00",0.1,14.7,217.5,"3","0",13,7,92,"3","0","0",1.3,2.9,4.2,0.2,0,0,0,"0"
"347","FCR","100","2019-07-01 12:00:00",0.1,12.8,288,"3","0",6,18,3,"0","3","0",1.8,2.5,4.3,0.2,0,0,0,"0"
"348","FCR","200","2019-07-01 12:00:00",0.1,42,237,"0","0",NA,NA,NA,NA,NA,NA,0.9,2,2.8,0.1,0,0,0,"0"
"349","FCR","50","2019-07-01 12:00:00",0.1,4.3,297,"0","0",9,8,3,"0","0","0",3.3,3.2,6.5,0.2,0,0,0,"0"
"350","FCR","50","2019-07-01 12:00:00",1.6,NA,NA,NA,NA,10,11,3,"3","3","0",3.5,5.5,9.1,0.266,0,0,0,"0"
"351","FCR","50","2019-07-01 12:00:00",3.8,12.8,476,"3","0",9,7,3,"0","0","0",5,1.8,6.8,0.1,0,0,0,"0"
"352","FCR","50","2019-07-01 12:00:00",5,11.4,425,"3","0",89,6,3,"0","0","0",2.6,2.8,5.5,0.15,7,7,7,"7"
"353","FCR","50","2019-07-01 12:00:00",6.2,1.7,403,"3","0",71,6,3,"0","0","0",1.4,3.5,4.9,0.2,0,0,0,"0"
"354","FCR","50","2019-07-01 12:00:00",8,10.5,253.5,"3","0",100,4,4,"0","0","0",4,4,7,0,0,0,0,"3"
"355","FCR","50","2019-07-01 12:00:00",9,17,645,"3","0",421,4,3,"0","0","0",5.1,3.4,8.5,0.6,0,0,0,"0"
"356","FCR","50","2019-07-03 12:00:00",0.1,10.2,363,"3","0",NA,NA,NA,NA,NA,NA,NA,NA,NA,NA,NA,NA,NA,NA
"357","FCR","50","2019-07-03 12:00:00",1.6,NA,NA,NA,NA,8,12,3,"0","3","0",3.4,5.4,8.8,0.205,0,0,0,"0"
"358","FCR","50","2019-07-03 12:00:00",3.8,NA,NA,NA,NA,8,1,4,"0","3","0",NA,NA,NA,NA,NA,NA,NA,NA
"359","FCR","50","2019-07-03 12:00:00",5,9,238.5,"0","0",NA,NA,NA,NA,NA,NA,NA,NA,NA,NA,NA,NA,NA,NA
"360","FCR","50","2019-07-03 12:00:00",9,4,363,"3","0",NA,NA,NA,NA,NA,NA,NA,NA,NA,NA,NA,NA,NA,NA
"361","FCR","100","2019-07-08 12:00:00",0.1,12.2,273,"3","0",10,15,3,"3","3","0",0.9,3.1,3.9,0.2,0,0,0,"0"
"362","FCR","200","2019-07-08 12:00:00",0.1,35.4,196.5,"3","3",19,4,46,"3","0","0",1.9,5.3,7.2,0.1,0,0,0,"0"
"363","FCR","50","2019-07-08 12:00:00",0.1,6.8,490,"0","0",10,6,3,"0","0","0",NA,NA,NA,NA,NA,NA,NA,NA
"364","FCR","50","2019-07-08 12:00:00",1.6,NA,NA,NA,NA,9,11,4,"0","3","0",3.6,5.5,9.1,0.219,0,0,0,"0"
"365","FCR","50","2019-07-08 12:00:00",3.8,10.5,300,"3","0",28,6,6,"3","0","0",3.4,2.7,6.1,0.15,7,7,7,"7"
"366","FCR","50","2019-07-08 12:00:00",5,8.6,288,"0","0",20,1,3,"3","3","0",2.5,3.7,6.2,0.2,0,0,0,"0"
"367","FCR","50","2019-07-08 12:00:00",6.2,0.4,234,"3","0",165,5,4,"3","0","0",3,3,6,0.25,7,7,7,"7"
"368","FCR","50","2019-07-08 12:00:00",8,5.4,349.5,"0","0",171,1,4,"3","3","0",1.5,4.6,6.1,0.3,0,0,0,"0"
"369","FCR","50","2019-07-08 12:00:00",9,14.2,523.5,"3","0",NA,NA,NA,NA,NA,NA,1.6,4.6,6.2,0.5,0,0,0,"0"
"370","FCR","50","2019-07-11 12:00:00",5,13.7,367.5,"3","0",NA,NA,NA,NA,NA,NA,NA,NA,NA,NA,NA,NA,NA,NA
"371","FCR","50","2019-07-11 12:00:00",6.2,NA,NA,NA,NA,NA,NA,NA,NA,NA,NA,4.7,1.8,6.6,0.1,0,0,0,"0"
"372","FCR","50","2019-07-11 12:00:00",9,9.3,280.5,"0","0",NA,NA,NA,NA,NA,NA,1.2,3.7,4.9,0.2,0,0,0,"0"
"373","FCR","100","2019-07-15 12:00:00",0.1,24,426,"3","0",11,13,3,"3","3","0",3.3,2.5,5.8,0.3,0,0,0,"0"
"374","FCR","200","2019-07-15 12:00:00",0.1,43.2,243,"0","0",27,10,50,"3","3","0",1.9,4.4,6.3,0.2,0,0,0,"0"
"375","FCR","50","2019-07-15 12:00:00",0.1,7.2,367.5,"0","0",NA,NA,NA,NA,NA,NA,3.6,3.5,7,0.25,7,7,7,"7"
"376","FCR","50","2019-07-15 12:00:00",1.6,NA,NA,NA,NA,4,13,3,"0","3","0",4.1,5.9,10,0.272,0,0,0,"0"
"377","FCR","50","2019-07-15 12:00:00",3.8,9.3,319.5,"0","0",10,5,3,"0","0","0",5.4,1.8,7.2,0.2,0,0,0,"0"
"378","FCR","50","2019-07-15 12:00:00",5,10.7,408,"3","0",22,6,3,"3","0","0",4.8,2.8,7.6,0.2,0,0,0,"0"
"379","FCR","50","2019-07-15 12:00:00",6.2,7.4,462,"0","0",106,5,4,"3","0","0",2.4,4.5,6.9,0.3,0,0,0,"0"
"380","FCR","50","2019-07-15 12:00:00",8,9.3,442,"0","0",122,1,3,"3","3","0",4.8,2.8,7.6,0.2,0,0,0,"0"
"381","FCR","50","2019-07-15 12:00:00",9,18.4,564,"3","0",147,7,6,"3","0","0",2.5,4.5,7,0.3,0,0,0,"0"
"382","FCR","1","2019-07-18 12:00:00",0.1,8.7,250.5,"0","0",12,5,3,"3","0","0",3.3,8,11.2,0.25,7,7,7,"7"
"383","FCR","100","2019-07-18 12:00:00",0.1,16.4,229.5,"3","0",6,13,3,"0","3","0",4.2,2.1,6.3,0.2,0,0,0,"0"
"384","FCR","101","2019-07-18 12:00:00",0.1,18.4,270,"3","0",4,15,3,"0","3","0",2.5,2.8,5.2,0.2,7,7,7,"7"
"385","FCR","102","2019-07-18 12:00:00",0.1,69.8,315,"0","0",NA,NA,NA,NA,NA,NA,NA,NA,NA,NA,NA,NA,NA,NA
"386","FCR","20","2019-07-18 12:00:00",0.1,NA,NA,NA,NA,5,8,0,"7","7","7, 4, 3",4.7,4.2,8.8,0.2,7,7,7,"7"
"387","FCR","200","2019-07-18 12:00:00",0.1,NA,NA,NA,NA,21,13,46,"3","3","0",1.6,4.6,6.1,0.1,0,0,0,"0"
"388","FCR","30","2019-07-18 12:00:00",0.1,9.2,309,"0","0",3,4,3,"3","0","0",3.9,3.4,7.3,0.2,0,0,0,"0"
"389","FCR","45","2019-07-18 12:00:00",0.1,9.9,309,"0","0",7,5,3,"0","0","0",4.5,3.7,8.2,0.2,0,0,0,"0"
"390","FCR","50","2019-07-18 12:00:00",0.1,10.1,361.5,"3","0",17,5,5,"3","0","0",4.4,3.4,7.8,0.3,0,0,0,"0"
"391","FCR","50","2019-07-18 12:00:00",1.6,NA,NA,NA,NA,11,13,3,"3","3","0",4.8,5.8,10.7,0.363,0,0,0,"0"
"392","FCR","50","2019-07-18 12:00:00",5,18.3,510,"3","0",15,1,4,"3","3","0",NA,NA,NA,NA,NA,NA,NA,NA
"393","FCR","50","2019-07-18 12:00:00",9,13.9,439.5,"3","0",152,3,6,"3","0","0",2.8,4.7,7.6,0.3,0,0,0,"0"
"394","FCR","99","2019-07-18 12:00:00",0.1,14.8,246,"3","0",8,20,169,"7","7","7, 3",2.3,3.6,6,0.25,7,7,7,"7"
"395","FCR","100","2019-07-22 12:00:00",0.1,14.7,456,"3","0",14,14,3,"3","3","0",3.7,2.2,6,0.2,0,0,0,"0"
"396","FCR","102","2019-07-22 12:00:00",0.1,9.5,178.5,"7","7, 3",33,7,3,"0","0","0",2.7,4,6.7,0.2,0,0,0,"0"
"397","FCR","200","2019-07-22 12:00:00",0.1,43.6,240,"0","0",38,4,51,"0","0","0",3.1,5.2,8.3,0.2,0,0,0,"0"
"398","FCR","50","2019-07-22 12:00:00",0.1,10.1,372,"3","0",7,10,4,"0","0","0",5.5,3.3,8.8,0.5,0,0,0,"0"
"399","FCR","50","2019-07-22 12:00:00",1.6,NA,NA,NA,NA,9,13,3,"0","3","0",4.8,5.7,10.5,0.306,0,0,0,"0"
"400","FCR","50","2019-07-22 12:00:00",3.8,3.3,262.5,"3","0",14,2,3,"3","3","0",3.8,4.1,7.9,0.2,0,0,0,"0"
"401","FCR","50","2019-07-22 12:00:00",5,14.6,388.5,"3","0",67,5,3,"0","0","0",1.9,3.8,5.7,0.2,0,0,0,"0"
"402","FCR","50","2019-07-22 12:00:00",6.2,15.6,405,"3","0",167,4,5,"3","0","0",1.3,3.9,5.2,0.3,0,0,0,"0"
"403","FCR","50","2019-07-22 12:00:00",8,18.4,489,"3","0",299,6,9,"3","0","0",3,4,7.1,0.45,7,7,7,"7"
"404","FCR","50","2019-07-22 12:00:00",9,45,686,"0","0",340,6,3,"0","0","0",3.5,3.5,6.9,0.4,7,7,7,"7"
"405","FCR","50","2019-07-24 12:00:00",0.1,9.3,486,"0","0",NA,NA,NA,NA,NA,NA,NA,NA,NA,NA,NA,NA,NA,NA
"406","FCR","50","2019-07-24 12:00:00",3.8,NA,NA,NA,NA,16,8,3,"3","0","0",NA,NA,NA,NA,NA,NA,NA,NA
"407","FCR","50","2019-07-24 12:00:00",5,-4.4,7.5,"3","0",NA,NA,NA,NA,NA,NA,NA,NA,NA,NA,NA,NA,NA,NA
"408","FCR","50","2019-07-24 12:00:00",6.2,7.2,370,"0","0",NA,NA,NA,NA,NA,NA,NA,NA,NA,NA,NA,NA,NA,NA
"409","FCR","50","2019-07-24 12:00:00",9,19.5,807,"3","0",NA,NA,NA,NA,NA,NA,NA,NA,NA,NA,NA,NA,NA,NA
"410","FCR","50","2019-07-25 12:00:00",1.6,NA,NA,NA,NA,7,14,3,"0","3","0",4.4,5.9,10.3,0.248,0,0,0,"0"
"411","FCR","100","2019-07-29 12:00:00",0.1,16.2,297,"3","0",NA,NA,NA,NA,NA,NA,1.2,3.5,4.7,0.2,0,0,0,"0"
"412","FCR","200","2019-07-29 12:00:00",0.1,22.1,385,"3","0",28,9,61,"3","0","0",2.5,5.2,7.8,0.1,0,0,0,"0"
"413","FCR","50","2019-07-29 12:00:00",0.1,9,504,"0","0",17,9,0,"3","0","4, 3",5,3,8,0.2,7,7,7,"7"
"414","FCR","50","2019-07-29 12:00:00",1.6,NA,NA,NA,NA,6,14,6,"0","3","0",4.6,6.1,10.7,0.305,0,0,0,"0"
"415","FCR","50","2019-07-29 12:00:00",3.8,26.4,661.5,"3","0",14,6,3,"3","0","0",3.7,3.2,7,0.15,7,7,7,"7"
"416","FCR","50","2019-07-29 12:00:00",5,19.6,537,"3","0",39,3,7,"0","0","0",3.1,4.3,7.4,0.2,0,0,0,"0"
"417","FCR","50","2019-07-29 12:00:00",6.2,9.2,523,"0","0",172,4,5,"3","0","0",1.6,3.9,5.5,0.3,0,0,0,"0"
"418","FCR","50","2019-07-29 12:00:00",8,13.1,582,"3","0",277,3,3,"3","0","0",5,2.3,7.3,0.4,0,0,0,"0"
"419","FCR","50","2019-07-29 12:00:00",9,18.4,985.5,"3","0",722,7,3,"0","0","0",2.8,4.8,7.6,0.9,0,0,0,"0"
"420","FCR","50","2019-08-01 12:00:00",0.1,7.4,1050,"0","3",NA,NA,NA,NA,NA,NA,NA,NA,NA,NA,NA,NA,NA,NA
"421","FCR","50","2019-08-01 12:00:00",1.6,NA,NA,NA,NA,5,12,4,"0","3","0",4.6,5.9,10.5,0.28,0,0,0,"0"
"422","FCR","50","2019-08-01 12:00:00",5,9.4,309,"0","0",NA,NA,NA,NA,NA,NA,NA,NA,NA,NA,NA,NA,NA,NA
"423","FCR","50","2019-08-01 12:00:00",9,16.6,861,"3","0",NA,NA,NA,NA,NA,NA,NA,NA,NA,NA,NA,NA,NA,NA
"424","FCR","100","2019-08-05 12:00:00",0.1,10.7,368,"3","0",5,11,62,"0","3","0",2.4,3.1,5.5,0.1,7,7,7,"7"
"425","FCR","200","2019-08-05 12:00:00",0.1,33.8,283.5,"3","0",32,14,23,"0","3","0",3.1,5.4,8.6,0.2,0,0,0,"0"
"426","FCR","50","2019-08-05 12:00:00",0.1,11.8,436.5,"3","0",9,3,3,"0","0","0",6.6,2.8,9.4,0.3,0,0,0,"0"
"427","FCR","50","2019-08-05 12:00:00",1.6,NA,NA,NA,NA,8,11,3,"0","3","0",4.7,5.9,10.6,0.286,0,0,0,"0"
"428","FCR","50","2019-08-05 12:00:00",3.8,17.2,439.5,"3","0",20,8,3,"3","0","0",3,4,6.9,0.2,0,0,0,"0"
"429","FCR","50","2019-08-05 12:00:00",5,18.4,505.5,"3","0",98,3,3,"0","0","0",2,4.7,6.8,0.2,0,0,0,"0"
"430","FCR","50","2019-08-05 12:00:00",6.2,7.8,537,"0","0",374,5,9,"0","0","0",2.1,5.1,7.2,0.5,0,0,0,"0"
"431","FCR","50","2019-08-05 12:00:00",8,16.8,670.5,"3","0",328,2,3,"0","3","0",1,5,6,0.4,0,0,0,"0"
"432","FCR","50","2019-08-05 12:00:00",9,16.8,812,"3","0",710,6,3,"0","0","0",3.6,6.4,10,0.9,0,0,0,"0"
"433","FCR","50","2019-08-08 12:00:00",0.1,12.8,556.5,"3","0",NA,NA,NA,NA,NA,NA,NA,NA,NA,NA,NA,NA,NA,NA
"434","FCR","50","2019-08-08 12:00:00",1.6,NA,NA,NA,NA,NA,NA,NA,NA,NA,NA,4.9,6,10.9,0.314,0,0,0,"0"
"435","FCR","50","2019-08-08 12:00:00",5,10.2,289.5,"3","0",NA,NA,NA,NA,NA,NA,NA,NA,NA,NA,NA,NA,NA,NA
"436","FCR","50","2019-08-08 12:00:00",9,28.8,1017,"3","3",NA,NA,NA,NA,NA,NA,NA,NA,NA,NA,NA,NA,NA,NA
"437","FCR","100","2019-08-12 12:00:00",0.1,26.1,78,"3","0",5,16,77,"0","3","0",0.9,2.9,3.8,0.1,0,0,0,"0"
"438","FCR","200","2019-08-12 12:00:00",0.1,38.9,147,"3","3",30,9,67,"3","0","0",1.7,4.2,5.9,0.1,0,0,0,"0"
"439","FCR","50","2019-08-12 12:00:00",0.1,23.6,300,"3","0",5,7,9,"0","0","0",3.8,3.6,7.4,0.3,0,0,0,"0"
"440","FCR","50","2019-08-12 12:00:00",1.6,27.2,356,"3","0",18,13,3,"3","3","0",4.8,6.1,10.9,0.296,0,0,0,"0"
"441","FCR","50","2019-08-12 12:00:00",3.8,23.6,213,"3","0",13,7,8,"3","0","0",2.2,4.1,6.3,0.2,0,0,0,"0"
"442","FCR","50","2019-08-12 12:00:00",5,21.1,318,"3","0",145,4,0,"3","0","4, 3",1.7,4.3,6.1,0.2,0,0,0,"0"
"443","FCR","50","2019-08-12 12:00:00",6.2,23,308,"3","0",230,6,4,"3","0","0",2.9,3.6,6.4,0.3,0,0,0,"0"
"444","FCR","50","2019-08-12 12:00:00",8,17.4,416,"3","0",372,4,3,"0","0","0",1.6,5,6.7,0.4,0,0,0,"0"
"445","FCR","50","2019-08-12 12:00:00",9,19.1,366,"3","0",360,3,4,"0","0","0",1.6,5.1,6.7,0.5,0,0,0,"0"
"446","FCR","100.1","2019-08-12 12:00:00",0.1,140.7,778.8,"7, 3","7",NA,NA,NA,NA,NA,NA,NA,NA,NA,NA,NA,NA,NA,NA
"447","FCR","50","2019-08-14 12:00:00",0.1,NA,NA,NA,NA,7,7,3,"0","0","0",4.6,3.4,7.9,0.2,0,0,0,"0"
"448","FCR","50","2019-08-14 12:00:00",1.6,NA,NA,NA,NA,9,14,3,"0","3","0",5.5,5.8,11.2,0.35,0,0,0,"0"
"449","FCR","50","2019-08-14 12:00:00",5,9.9,344,"0","0",NA,NA,NA,NA,NA,NA,1.7,4.9,6.5,0.4,0,0,0,"0"
"450","FCR","50","2019-08-14 12:00:00",9,NA,NA,NA,NA,402,7,3,"0","0","0",1.5,4.8,6.3,0.5,0,0,0,"0"
"451","FCR","100","2019-08-19 12:00:00",0.1,25.4,273,"3","0",5,17,3,"0","3","0",1.3,3.7,5.1,0.3,0,0,0,"0"
"452","FCR","200","2019-08-19 12:00:00",0.1,35.6,107,"3","3",31,6,37,"0","0","0",2.1,4.9,7,0.2,0,0,0,"0"
"453","FCR","50","2019-08-19 12:00:00",0.1,24.9,480,"3","0",12,9,3,"3","0","0",NA,NA,NA,NA,NA,NA,NA,NA
"454","FCR","50","2019-08-19 12:00:00",1.6,NA,NA,NA,NA,13,13,4,"3","3","0",6.2,5.8,12,0.452,0,0,0,"0"
"455","FCR","50","2019-08-19 12:00:00",3.8,30.6,194,"3","3",11,4,3,"3","0","0",1.9,4.3,6.2,0.2,0,0,0,"0"
"456","FCR","50","2019-08-19 12:00:00",5,16.8,146,"3","3",127,5,3,"3","0","0",1.2,4.3,5.5,0.2,0,0,0,"0"
"457","FCR","50","2019-08-19 12:00:00",6.2,22.2,377,"3","0",229,10,22,"3","0","0",NA,NA,NA,NA,NA,NA,NA,NA
"458","FCR","50","2019-08-19 12:00:00",8,26,468,"3","0",413,4,6,"0","0","0",1.3,5,6.3,0.5,7,7,7,"7"
"459","FCR","50","2019-08-19 12:00:00",9,30.9,521,"3","0",422,4,7,"0","0","0",1.6,4.8,6.4,0.5,0,0,0,"0"
"460","FCR","1","2019-08-22 12:00:00",0.1,32.9,698,"7, 3","7",14,10,264,"3","3","0",2.7,8,10.7,0.3,0,0,0,"0"
"461","FCR","100","2019-08-22 12:00:00",0.1,40,431.5,"7","7",6,19,3,"0","3","0",1.2,3.5,4.7,0.2,0,0,0,"0"
"462","FCR","101","2019-08-22 12:00:00",0.1,45.1,338,"7","7",0,21,146,"7, 3","7","7, 3",1.4,3.3,4.7,0.2,7,7,7,"7"
"463","FCR","102","2019-08-22 12:00:00",0.1,22.9,280.8,"7, 3","7",106,16,3,"3","3","0",0.2,5.5,5.7,0.2,0,0,0,"0"
"464","FCR","20","2019-08-22 12:00:00",0.1,28,756,"7, 3","7",4,7,3,"0","0","0",4.4,4.3,8.7,0.3,0,0,0,"0"
"465","FCR","200","2019-08-22 12:00:00",0.1,55,223.5,"7","7",24,4,32,"3","0","0",1.2,3.9,5,0.1,0,0,0,"0"
"466","FCR","30","2019-08-22 12:00:00",0.1,27.8,676.5,"7, 3","7",5,8,8,"0","0","0",5.3,3.4,8.7,0.4,0,0,0,"0"
"467","FCR","45","2019-08-22 12:00:00",0.1,36.8,874,"7, 3","7",4,18,3,"0","3","0",5.5,3.5,9,0.3,0,0,0,"0"
"468","FCR","50","2019-08-22 12:00:00",0.1,33.9,840.8,"7, 3","7",8,8,10,"0","0","0",5,3.2,8.2,0.4,0,0,0,"0"
"469","FCR","50","2019-08-22 12:00:00",1.6,NA,NA,NA,NA,8,7,5,"0","0","0",NA,NA,NA,NA,NA,NA,NA,NA
"470","FCR","50","2019-08-22 12:00:00",5,35.5,567,"3","0",196,3,6,"3","0","0",1.7,4.1,5.8,0.3,0,0,0,"0"
"471","FCR","50","2019-08-22 12:00:00",9,54.5,735,"0","0",551,7,7,"0","0","0",1.7,5.7,7.5,0.7,0,0,0,"0"
"472","FCR","99","2019-08-22 12:00:00",0.1,26.9,259,"7, 3","7",5,17,3,"0","3","0",1.6,3.3,4.9,0.2,0,0,0,"0"
"473","FCR","100","2019-08-28 12:00:00",0.1,25.1,219,"3","0",6,18,3,"0","3","0",1.2,3.5,4.7,0.2,0,0,0,"0"
"474","FCR","50","2019-08-28 12:00:00",0.1,21.7,579,"3","0",10,9,3,"3","0","0",4.2,3.5,7.7,0.3,0,0,0,"0"
"475","FCR","50","2019-08-28 12:00:00",1.6,24.1,699,"3","0",0,7,10,"4, 3","0","0",5.3,2.9,8.2,0.3,0,0,0,"0"
"476","FCR","50","2019-08-28 12:00:00",3.8,28,463.5,"3","0",24,9,3,"3","0","0",2.6,4,6.6,0.3,0,0,0,"0"
"477","FCR","50","2019-08-28 12:00:00",5,35.4,399,"3","0",181,7,3,"3","0","0",1.6,4.6,6.2,0.3,0,0,0,"0"
"478","FCR","50","2019-08-28 12:00:00",6.2,26,479,"3","0",417,7,3,"0","0","0",2.4,4.3,6.8,0.5,0,0,0,"0"
"479","FCR","50","2019-08-28 12:00:00",8,34.3,859.5,"3","0",596,5,3,"0","0","0",1.4,5.2,6.5,0.6,0,0,0,"0"
"480","FCR","50","2019-08-28 12:00:00",9,56.6,1609.5,"0","3",1060,10,3,"3","3","0",2.7,5.7,8.3,1.2,0,0,0,"0"
"481","FCR","100","2019-09-02 12:00:00",0.1,21.6,126,"3","3",3,19,3,"3","3","0",1.2,3.7,4.9,0.3,0,0,0,"0"
"482","FCR","200","2019-09-02 12:00:00",0.1,35.5,228,"3","0",22,11,35,"3","3","0",1.5,5.3,6.8,0.1,0,0,0,"0"
"483","FCR","50","2019-09-02 12:00:00",0.1,26.5,651,"3","0",20,7,3,"3","0","0",4.8,3.7,8.5,0.4,0,0,0,"0"
"484","FCR","50","2019-09-02 12:00:00",1.6,35.3,810,"3","0",9,7,3,"0","0","0",4.8,3.7,8.5,0.4,0,0,0,"0"
"485","FCR","50","2019-09-02 12:00:00",3.8,40.4,628.5,"0","0",20,12,4,"3","3","0",NA,NA,NA,NA,NA,NA,NA,NA
"486","FCR","50","2019-09-02 12:00:00",5,38.3,552,"3","0",318,4,4,"0","0","0",2.6,4,6.7,0.4,0,0,0,"0"
"487","FCR","50","2019-09-02 12:00:00",6.2,35.2,664.5,"3","0",646,9,3,"0","0","0",1.7,5.3,7,0.7,0,0,0,"0"
"488","FCR","50","2019-09-02 12:00:00",8,39.1,933,"3","0",775,7,25,"0","0","0",2.1,5.4,7.5,0.8,0,0,0,"0"
"489","FCR","50","2019-09-02 12:00:00",9,63.2,2209.5,"0","0",1650,10,3,"3","3","0",4.3,6,10.3,1.9,0,0,0,"0"
"490","FCR","100","2019-09-11 12:00:00",0.1,28.1,223.5,"3","0",0,24,3,"4, 3","0","0",1.1,3.9,4.9,0.2,0,0,0,"0"
"491","FCR","50","2019-09-11 12:00:00",0.1,22.7,559.5,"3","0",8,7,0,"0","0","4, 3",5.2,3.4,8.6,0.3,0,0,0,"0"
"492","FCR","50","2019-09-11 12:00:00",1.6,24.5,658.5,"3","0",4,7,3,"0","0","0",NA,NA,NA,NA,NA,NA,NA,NA
"493","FCR","50","2019-09-11 12:00:00",3.8,38,357,"3","0",35,3,8,"0","0","0",2.4,4.3,6.7,0.2,0,0,0,"0"
"494","FCR","50","2019-09-11 12:00:00",5,34.7,675,"3","0",591,4,3,"0","0","0",1.4,5,6.4,0.6,0,0,0,"0"
"495","FCR","50","2019-09-11 12:00:00",6.2,42.6,672,"0","0",500,8,3,"0","0","0",1.6,4.9,6.4,0.6,0,0,0,"0"
"496","FCR","50","2019-09-11 12:00:00",8,40.3,1012.5,"0","3",630,3,3,"0","0","0",1,5.8,6.7,0.7,0,0,0,"0"
"497","FCR","50","2019-09-11 12:00:00",9,33.2,862.5,"3","0",686,2,3,"0","0","0",1.2,5.7,6.8,0.7,0,0,0,"0"
"498","FCR","100.1","2019-09-11 12:00:00",0.1,36.1,226.5,"7, 3","7",NA,NA,NA,NA,NA,NA,NA,NA,NA,NA,NA,NA,NA,NA
"499","FCR","100","2019-09-20 12:00:00",0.1,28.2,183,"3","3",5,20,124,"7","7, 3","7, 3",1,3.6,4.6,0.2,7,7,7,"7"
"500","FCR","20","2019-09-20 12:00:00",0.1,26.6,616.5,"7, 3","7",21,9,3,"3","0","0",4.7,3.8,8.5,0.3,0,0,0,"0"
"501","FCR","30","2019-09-20 12:00:00",0.1,NA,NA,NA,NA,23,8,3,"3","0","0",4.7,3.9,8.7,0.4,0,0,0,"0"
"502","FCR","45","2019-09-20 12:00:00",0.1,27.2,1019,"3","3",27,2,5,"3","3","0",4,3.3,7.4,0.3,0,0,0,"0"
"503","FCR","50","2019-09-20 12:00:00",0.1,25.1,583.5,"3","0",39,8,27,"0","0","0",4.5,4,8.4,0.5,0,0,0,"0"
"504","FCR","50","2019-09-20 12:00:00",1.6,33.9,581,"3","0",40,6,5,"0","0","0",4.6,4.1,8.7,0.4,0,0,0,"0"
"505","FCR","50","2019-09-20 12:00:00",3.8,43.6,594,"0","0",77,9,4,"0","0","0",3.3,4.5,7.9,0.4,0,0,0,"0"
"506","FCR","50","2019-09-20 12:00:00",5,63.7,852,"0","0",484,4,3,"0","0","0",3.4,4.3,7.7,0.6,0,0,0,"0"
"507","FCR","50","2019-09-20 12:00:00",6.2,38.6,1054.5,"3","3",850,4,7,"0","0","0",1.2,5.8,7,0.9,0,0,0,"0"
"508","FCR","50","2019-09-20 12:00:00",8,38.8,1129.5,"3","3",876,2,4,"0","0","0",1.2,5.8,7,0.9,0,0,0,"0"
"509","FCR","50","2019-09-20 12:00:00",9,39.8,1114.5,"3","3",883,3,3,"0","0","0",1.2,5.8,6.9,0.9,0,0,0,"0"
"510","FCR","100","2019-09-27 12:00:00",0.1,22.1,107,"3","3",11,19,3,"3","3","0",1.1,4.1,5.2,0.2,0,0,0,"0"
"511","FCR","50","2019-09-27 12:00:00",0.1,20.2,604.5,"3","0",16,8,8,"3","0","0",5,3.8,8.7,0.4,0,0,0,"0"
"512","FCR","50","2019-09-27 12:00:00",1.6,16.9,663,"3","0",6,7,4,"0","0","0",NA,NA,NA,NA,NA,NA,NA,NA
"513","FCR","50","2019-09-27 12:00:00",3.8,33.3,495,"3","0",101,4,8,"3","0","0",2.5,4.6,7.1,0.3,0,0,0,"0"
"514","FCR","50","2019-09-27 12:00:00",5,67.4,875,"0","0",749,12,8,"0","3","0",2.2,4.7,6.9,0.8,0,0,0,"0"
"515","FCR","50","2019-09-27 12:00:00",6.2,36.8,877.5,"3","0",731,9,0,"0","0","4, 3",2.7,4.7,7.3,0.9,0,0,0,"0"
"516","FCR","50","2019-09-27 12:00:00",8,49.1,1007,"0","3",1000,3,6,"3","0","0",1.3,5.9,7.2,1.1,0,0,0,"0"
"517","FCR","50","2019-09-27 12:00:00",9,33.2,1099.5,"3","3",923,4,3,"0","0","0",1.6,5.9,7.4,0.9,0,0,0,"0"
"518","FCR","100.1","2019-09-27 12:00:00",0.1,70.9,450.8,"7","7",NA,NA,NA,NA,NA,NA,NA,NA,NA,NA,NA,NA,NA,NA
"519","FCR","1","2019-10-04 12:00:00",0.1,24.2,289,"7, 3","7",17,12,278,"3","3","0",1,13.9,14.9,0.4,0,0,0,"0"
"520","FCR","100","2019-10-04 12:00:00",0.1,23.9,79,"7, 3","7",4,18,64,"0","3","0",3.2,2.6,4.9,0,7,7,7,"7, 3"
"521","FCR","101","2019-10-04 12:00:00",0.1,26.6,132,"7, 3","7, 3",5,20,110,"7","7, 3","7, 3",1.2,4.1,5.3,0.2,7,7,7,"7"
"522","FCR","102","2019-10-04 12:00:00",0.1,13.8,222,"7, 3","7",24,7,3,"3","0","0",0.5,5.3,5.8,0.2,0,0,0,"0"
"523","FCR","20","2019-10-04 12:00:00",0.1,26.1,1000,"7, 3","7, 3",0,15,3,"4, 3","3","0",8.4,3.8,12.2,0.8,0,0,0,"0"
"524","FCR","200","2019-10-04 12:00:00",0.1,47.8,94.5,"7","7",27,7,26,"3","0","0",1.6,5.3,6.9,0.2,0,0,0,"0"
"525","FCR","30","2019-10-04 12:00:00",0.1,30.8,703.5,"7, 3","7",2,14,0,"3","3","4, 3",7.4,3.7,11.1,0.7,0,0,0,"0"
"526","FCR","45","2019-10-04 12:00:00",0.1,40.9,931,"7","7",3,8,3,"3","0","0",6.6,3.9,10.5,0.5,0,0,0,"0"
"527","FCR","50","2019-10-04 12:00:00",0.1,29.9,812.5,"7, 3","7",7,8,6,"0","0","0",6.5,3.6,10.1,0.5,0,0,0,"0"
"528","FCR","50","2019-10-04 12:00:00",1.6,30.2,864,"3","0",6,13,3,"0","3","0",6.5,3.8,10.3,0.6,0,0,0,"0"
"529","FCR","50","2019-10-04 12:00:00",3.8,36.5,606,"3","0",112,4,3,"3","0","0",3.6,4.8,8.3,0.4,0,0,0,"0"
"530","FCR","50","2019-10-04 12:00:00",5,93.8,1354.5,"0","3",820,4,3,"0","0","0",1.9,5.5,7.4,0.9,0,0,0,"0"
"531","FCR","50","2019-10-04 12:00:00",6.2,43.3,1129.5,"0","3",753,6,4,"0","0","0",2.1,5.3,7.5,0.75,7,7,7,"7"
"532","FCR","50","2019-10-04 12:00:00",8,32.6,1159.5,"3","3",1080,3,5,"3","0","0",1.4,6.2,7.6,1.2,0,0,0,"0"
"533","FCR","50","2019-10-04 12:00:00",9,30.8,1384.5,"3","3",1090,3,5,"3","0","0",2.7,5.2,8,1.2,0,0,0,"0"
"534","FCR","99","2019-10-04 12:00:00",0.1,116.5,496.8,"7, 3","7",4,16,63,"0","3","0",1.5,4.2,5.7,0.1,0,0,0,"0"
"535","FCR","100.1","2019-10-04 12:00:00",0.1,80.5,418,"7","7",NA,NA,NA,NA,NA,NA,NA,NA,NA,NA,NA,NA,NA,NA
"536","FCR","100","2019-10-11 12:00:00",0.1,18.5,126,"3","3",8,15,23,"0","3","0",1.1,4.1,5.3,0.1,0,0,0,"0"
"537","FCR","50","2019-10-11 12:00:00",0.1,27.8,834,"3","0",13,9,7,"3","0","0",5.1,4,9.1,0.4,0,0,0,"0"
"538","FCR","50","2019-10-11 12:00:00",1.6,26.8,895.5,"3","0",9,9,5,"0","0","0",5.6,3.5,9.1,0.4,0,0,0,"0"
"539","FCR","50","2019-10-11 12:00:00",3.8,25.3,529.5,"3","0",95,4,4,"0","0","0",3,4.4,7.3,0.3,0,0,0,"0"
"540","FCR","50","2019-10-11 12:00:00",5,64.7,1069.5,"0","3",578,5,4,"0","0","0",2.7,4.8,7.5,0.7,0,0,0,"0"
"541","FCR","50","2019-10-11 12:00:00",6.2,25.1,1324.5,"3","3",1140,5,3,"3","0","0",1,6.3,7.3,1.1,0,0,0,"0"
"542","FCR","50","2019-10-11 12:00:00",8,37.9,1309.5,"3","3",1060,3,7,"3","0","0",1.8,6.1,8,1.3,0,0,0,"0"
"543","FCR","50","2019-10-11 12:00:00",9,29.3,1279.5,"3","3",1150,0,3,"3","4, 3","0",1.1,6.3,7.4,1.3,0,0,0,"0"
"544","FCR","100.1","2019-10-11 12:00:00",0.1,86.1,396.2,"7","7",NA,NA,NA,NA,NA,NA,NA,NA,NA,NA,NA,NA,NA,NA
"545","FCR","100","2019-10-16 12:00:00",0.1,45.9,419,"0","0",5,17,3,"0","3","0",4.4,3.7,8.1,0.1,0,0,0,"0"
"546","FCR","50","2019-10-16 12:00:00",0.1,27.5,891,"3","0",27,5,21,"3","0","0",4.3,3.7,8,0.5,0,0,0,"0"
"547","FCR","50","2019-10-16 12:00:00",1.6,27.2,681,"3","0",30,3,4,"0","0","0",5.2,3.4,8.6,0.3,0,0,0,"0"
"548","FCR","50","2019-10-16 12:00:00",3.8,35.3,662,"3","0",26,5,3,"3","0","0",3.6,4.2,7.8,0.3,0,0,0,"0"
"549","FCR","50","2019-10-16 12:00:00",5,21.3,947,"3","0",26,5,3,"3","0","0",4,4,8,0.4,0,0,0,"0"
"550","FCR","50","2019-10-16 12:00:00",6.2,30.6,1209,"3","3",1150,8,5,"3","0","0",1.6,6,7.6,1.2,0,0,0,"0"
"551","FCR","50","2019-10-16 12:00:00",8,26.3,1013,"3","3",1180,5,8,"3","0","0",0.8,6,6.8,1.2,0,0,0,"0"
"552","FCR","50","2019-10-16 12:00:00",9,24.3,1217,"3","3",1140,0,7,"3","4, 3","0",1.3,6.3,7.7,1.1,0,0,0,"0"
"553","FCR","100.1","2019-10-16 12:00:00",0.1,82.9,424,"7","7",NA,NA,NA,NA,NA,NA,NA,NA,NA,NA,NA,NA,NA,NA
"554","FCR","100","2019-10-23 12:00:00",0.1,19.6,94.5,"3","0",6,15,3,"0","3","0",1.6,3.5,5.1,0.1,0,0,0,"0"
"555","FCR","50","2019-10-23 12:00:00",0.1,26.2,736.5,"3","0",70,0,7,"0","4, 3","0",4,4.3,8.3,0.3,0,0,0,"0"
"556","FCR","50","2019-10-23 12:00:00",1.6,23.8,690,"3","0",61,5,5,"0","0","0",3.8,4.3,8.1,0.3,0,0,0,"0"
"557","FCR","50","2019-10-23 12:00:00",3.8,24.7,775.5,"3","0",61,7,0,"0","0","4, 3",5,3.4,8.4,0.3,0,0,0,"0"
"558","FCR","50","2019-10-23 12:00:00",5,27.2,669,"3","0",NA,NA,NA,NA,NA,NA,4.1,4,8.2,0.4,0,0,0,"0"
"559","FCR","50","2019-10-23 12:00:00",6.2,21.2,949.5,"3","0",704,4,6,"0","0","0",2.6,5.3,7.9,0.8,0,0,0,"0"
"560","FCR","50","2019-10-23 12:00:00",8,23.9,1234.5,"3","3",965,2,8,"0","3","0",1.9,5.7,7.6,1,0,0,0,"0"
"561","FCR","50","2019-10-23 12:00:00",9,22.4,1294.5,"3","3",1170,4,3,"3","0","0",1.8,6.1,7.8,1.2,0,0,0,"0"
"562","FCR","100.1","2019-10-23 12:00:00",0.1,115.3,538,"7, 3","7",NA,NA,NA,NA,NA,NA,NA,NA,NA,NA,NA,NA,NA,NA
"563","FCR","50","2019-10-25 12:00:00",0.1,NA,NA,NA,NA,47,4,3,"0","0","0",5.4,3.4,8.8,0.3,0,0,0,"0"
"564","FCR","50","2019-10-25 12:00:00",1.6,NA,NA,NA,NA,46,5,3,"0","0","0",4.1,4.2,8.3,0.3,0,0,0,"0"
"565","FCR","50","2019-10-25 12:00:00",5,NA,NA,NA,NA,170,0,8,"7, 3","7, 4, 3","7",4,4.5,8.5,0.5,0,0,0,"0"
"566","FCR","50","2019-10-25 12:00:00",6.2,NA,NA,NA,NA,717,3,0,"0","0","4, 3",NA,NA,NA,NA,NA,NA,NA,NA
"567","FCR","50","2019-10-25 12:00:00",9,NA,NA,NA,NA,654,4,7,"0","0","0",2.9,5.3,8.2,0.8,0,0,0,"0"
"568","FCR","50","2019-10-28 12:00:00",0.1,NA,NA,NA,NA,13,2,8,"3","3","0",4,0.1,4.2,0.2,0,3,0,"0"
"569","FCR","50","2019-10-28 12:00:00",1.6,NA,NA,NA,NA,13,6,6,"3","0","0",4.4,1,5.3,0.3,0,0,0,"0"
"570","FCR","50","2019-10-28 12:00:00",5,NA,NA,NA,NA,210,3,3,"3","0","0",3.1,2.1,5.2,0.4,0,0,0,"0"
"571","FCR","50","2019-10-28 12:00:00",9,NA,NA,NA,NA,566,4,7,"0","0","0",2.4,4.8,7.2,0.7,0,0,0,"0"
"572","FCR","100","2019-10-30 12:00:00",0.1,30.8,158,"3","3",12,19,7,"3","3","0",2.2,4,6.2,0.1,0,0,0,"0"
"573","FCR","200","2019-10-30 12:00:00",0.1,41.9,137,"0","3",24,4,3,"3","0","0",2.9,4.1,7,0.1,0,0,0,"0"
"574","FCR","50","2019-10-30 12:00:00",0.1,41.9,1244,"0","3",4,11,5,"3","3","0",7,3.9,10.9,0.7,0,0,0,"0"
"575","FCR","50","2019-10-30 12:00:00",1.6,44.4,947,"0","0",7,6,0,"0","0","4, 3",5.9,4.2,10,0.4,0,0,0,"0"
"576","FCR","50","2019-10-30 12:00:00",3.8,22.4,632,"3","0",82,5,5,"0","0","0",3.7,4.4,8,0.3,0,0,0,"0"
"577","FCR","50","2019-10-30 12:00:00",5,20.4,743,"3","0",318,8,9,"0","0","0",2.6,4.7,7.3,0.5,0,0,0,"0"
"578","FCR","50","2019-10-30 12:00:00",6.2,20.1,882,"3","0",453,5,7,"0","0","0",2.7,4.8,7.5,0.6,0,0,0,"0"
"579","FCR","50","2019-10-30 12:00:00",8,23.1,837,"3","0",459,4,9,"0","0","0",3,4.8,7.9,0.7,0,0,0,"0"
"580","FCR","50","2019-10-30 12:00:00",9,22.7,837,"3","0",535,4,3,"0","0","0",3.4,3.8,7.1,0.7,0,0,0,"0"
"581","FCR","100.1","2019-10-30 12:00:00",0.1,103.8,545.5,"7, 3","7",NA,NA,NA,NA,NA,NA,NA,NA,NA,NA,NA,NA,NA,NA
"582","FCR","100","2019-11-08 12:00:00",0.1,17.4,111,"3","3",4,14,3,"0","3","0",1.4,3.6,5,0.1,0,0,0,"0"
"583","FCR","50","2019-11-08 12:00:00",0.1,33.5,549,"3","0",78,4,21,"0","0","0",3.8,4.3,8.1,0.35,7,7,7,"7"
"584","FCR","50","2019-11-08 12:00:00",1.6,30.5,537,"3","0",63,4,10,"0","0","0",3.4,4.6,8.1,0.3,0,0,0,"0"
"585","FCR","50","2019-11-08 12:00:00",3.8,27.5,675,"3","0",64,1,3,"0","3","0",4,4.2,8.2,0.4,0,0,0,"0"
"586","FCR","50","2019-11-08 12:00:00",5,33.3,560,"3","0",60,5,3,"0","0","0",4.6,4.1,8.7,0.4,0,0,0,"0"
"587","FCR","50","2019-11-08 12:00:00",6.2,31.2,551,"3","0",55,6,3,"0","0","0",4.3,4.4,8.7,0.4,0,0,0,"0"
"588","FCR","50","2019-11-08 12:00:00",8,28.8,522,"3","0",54,6,3,"0","0","0",4.9,4.2,9.2,0.3,0,0,0,"0"
"589","FCR","50","2019-11-08 12:00:00",9,39.5,546,"3","0",54,9,3,"0","0","0",4.7,4.2,8.9,0.4,0,0,0,"0"
"590","FCR","100.1","2019-11-08 12:00:00",0.1,123.5,690,"7, 3","7",NA,NA,NA,NA,NA,NA,NA,NA,NA,NA,NA,NA,NA,NA
"591","FCR","100","2019-11-20 12:00:00",0.1,18.2,137,"3","3",8,18,3,"0","3","0",1.4,3.9,5.3,0.1,0,0,0,"0"
"592","FCR","50","2019-11-20 12:00:00",0.1,27.9,710,"3","0",7,8,3,"0","0","0",4.1,4.1,8.1,0.3,0,0,0,"0"
"593","FCR","50","2019-11-20 12:00:00",1.6,27.7,595.5,"3","0",2,6,3,"3","0","0",NA,NA,NA,NA,NA,NA,NA,NA
"594","FCR","50","2019-11-20 12:00:00",3.8,36.3,503,"3","0",0,9,4,"3","0","0",4.1,4.1,8.2,0.3,0,0,0,"0"
"595","FCR","50","2019-11-20 12:00:00",5,32.3,533,"3","0",9,7,4,"0","0","0",3.6,4.1,7.6,0.2,0,0,0,"0"
"596","FCR","50","2019-11-20 12:00:00",6.2,30.5,437,"3","0",2,5,3,"3","0","0",4.5,4,8.5,0.3,0,0,0,"0"
"597","FCR","50","2019-11-20 12:00:00",8,32.7,426,"3","0",0,2,0,"4, 3","0","4, 3",4.1,4,8.2,0.3,0,0,0,"0"
"598","FCR","50","2019-11-20 12:00:00",9,32.9,534,"3","0",2,12,3,"3","3","0",5.7,4.1,9.7,0.6,0,0,0,"0"
"599","FCR","100.1","2019-11-20 12:00:00",0.1,80.2,279.5,"7","7",NA,NA,NA,NA,NA,NA,NA,NA,NA,NA,NA,NA,NA,NA
